{"type":"FeatureCollection","features":[{"type":"Feature","properties":{"featurecla":"Coastline","scalerank":0,"min_zoom":0},"geometry":{"type":"LineString","coordinates":[[50.26026451900003,45.00991445500006],[50.26775149800005,45.03388092700004],[50.27173912900008,45.056341864000046],[50.27711022200003,45.071519273000035],[50.28891035200007,45.07835521000004],[50.30062910200007,45.080064195000034],[50.30591881600009,45.07990143400008],[50.310883009000065,45.08055247600004],[50.32976321700005,45.07990143400008],[50.33814537900008,45.08242422100005],[50.34392337300005,45.086004950000074],[50.348399285000085,45.08490631700005],[50.35368899800005,45.07306549700007],[50.344411655000044,45.05231354400007],[50.33773847700007,45.04291413000004],[50.32976321700005,45.03896719000005],[50.32634524800005,45.03310781500005],[50.33318118600005,44.994574286000045],[50.324554884000065,44.97321198100008],[50.30445397200003,44.959418036000045],[50.28150475400008,44.955511786000045],[50.264414910000085,44.96381256700005],[50.256602410000085,44.985988674000055],[50.26026451900003,45.00991445500006]]}},{"type":"Feature","properties":{"featurecla":"Coastline","scalerank":0,"min_zoom":0},"geometry":{"type":"LineString","coordinates":[[54.746836785000085,40.99567291900007],[54.72201582100007,41.019964911000045],[54.690114780000044,41.05923086100006],[54.67798912900008,41.06464264500005],[54.67798912900008,41.07086823100008],[54.70053144600007,41.06830475500004],[54.72437584700003,41.05927155200004],[54.76742597700007,41.036769924000055],[54.76091556100005,41.04547760600008],[54.740977410000085,41.057847398000035],[54.73259524800005,41.06464264500005],[54.72388756600009,41.07485586100006],[54.72006269600007,41.08047109600005],[54.71843509200005,41.085150458000044],[54.71989993600005,41.09198639500005],[54.72429446700005,41.09804922100005],[54.729258660000085,41.10097890800006],[54.73259524800005,41.09813060100004],[54.71607506600009,41.11517975500004],[54.68873131600009,41.12124258000006],[54.65935306100005,41.12445709800005],[54.63640384200005,41.13296133000006],[54.63502037900008,41.16266510600008],[54.60043379000007,41.19232819200005],[54.400401238000086,41.309027411000045],[54.31177819100009,41.33828359600005],[54.29476972700007,41.34747955900008],[54.25806725400008,41.37596263200004],[54.21143639400003,41.395819403000075],[54.19076582100007,41.40729401200008],[54.18604576900003,41.412543036000045],[54.17497806100005,41.429388739000046],[54.15284264400003,41.45425039300005],[54.14478600400008,41.45978424700007],[54.10865319100009,41.46548086100006],[54.08936608200008,41.47479889500005],[54.07398522200003,41.487982489000046],[54.06104576900003,41.50287506700005],[54.041351759000065,41.53457265800006],[54.030284050000034,41.56948476800005],[54.02588951900003,41.60879140800006],[54.02556399800005,41.69521719000005],[54.01970462300005,41.73151276200008],[54.008555535000085,41.764837958000044],[53.992198113000086,41.79706452000005],[53.94459069100009,41.85834381700005],[53.93685957100007,41.876206773000035],[53.932302280000044,41.88426341400009],[53.92172285200007,41.88743724200003],[53.91032962300005,41.88930898600006],[53.90284264400003,41.89329661700003],[53.898773634000065,41.90534088700008],[53.90162194100009,41.91461823100008],[53.906911655000044,41.923529364000046],[53.910166863000086,41.93427155200004],[53.90935306100005,41.940619208000044],[53.90406334700003,41.96051666900007],[53.90284264400003,41.97211334800005],[53.914805535000085,41.99555084800005],[53.917002800000034,42.00690338700008],[53.91627037900008,42.023504950000074],[53.91325931100005,42.043402411000045],[53.906911655000044,42.062933661000045],[53.89665774800005,42.07884349200003],[53.865570509000065,42.10175202000005],[53.818695509000065,42.12441640800006],[53.767914259000065,42.13613515800006],[53.724619988000086,42.12604401200008],[53.68181399800005,42.14394765800006],[53.37517337300005,42.105536200000074],[53.31657962300005,42.08226146000004],[53.29672285200007,42.07884349200003],[53.219737175000034,42.08144765800006],[53.16382897200003,42.10370514500005],[53.12191816500007,42.08999258000006],[53.08448326900003,42.064520575000074],[53.06039472700007,42.044134833000044],[52.96029707100007,41.984361070000034],[52.93702233200008,41.95538971600007],[52.82146243600005,41.764878648000035],[52.80404707100007,41.74485911700003],[52.78956139400003,41.73627350500004],[52.78207441500007,41.72553131700005],[52.773773634000065,41.70132070500006],[52.76921634200005,41.67560455900008],[52.772471550000034,41.66054922100005],[52.78467858200008,41.66307200700004],[52.81568444100009,41.69383372600004],[52.830821160000085,41.70148346600007],[52.88054446700005,41.69790273600006],[52.90381920700008,41.68976471600007],[52.91651451900003,41.67422109600005],[52.91537519600007,41.66079336100006],[52.89991295700008,41.640326239000046],[52.89600670700008,41.62954336100006],[52.897146030000044,41.61945221600007],[52.90186608200008,41.59983958500004],[52.90284264400003,41.58852773600006],[52.89893639400003,41.56598541900007],[52.832692905000044,41.437486070000034],[52.82764733200008,41.417181708000044],[52.81568444100009,41.388739325000074],[52.813487175000034,41.379339911000045],[52.815440300000034,41.36953359600005],[52.82764733200008,41.344631252000056],[52.83725019600007,41.30292389500005],[52.84400475400008,41.24017975500004],[52.85132897200003,41.22357819200005],[52.90398196700005,41.14020416900007],[52.90967858200008,41.122707424000055],[52.904307488000086,41.101996161000045],[52.88306725400008,41.07249583500004],[52.88233483200008,41.050441799000055],[52.87549889400003,41.050441799000055],[52.86996504000007,41.06000397300005],[52.85401451900003,41.07050202000005],[52.848317905000044,41.07770416900007],[52.846690300000034,41.08869049700007],[52.854502800000034,41.11933014500005],[52.85466556100005,41.14252350500004],[52.85108483200008,41.163316148000035],[52.844086134000065,41.18256256700005],[52.83383222700007,41.201239325000074],[52.82927493600005,41.20648834800005],[52.81666100400008,41.21784088700008],[52.813487175000034,41.22174713700008],[52.81104576900003,41.233710028000075],[52.81373131600009,41.25267161700003],[52.813487175000034,41.26264069200005],[52.79127037900008,41.32127513200004],[52.78956139400003,41.33100006700005],[52.77711022200003,41.339544989000046],[52.76099694100009,41.37759023600006],[52.74529056100005,41.38617584800005],[52.73194420700008,41.38825104400007],[52.723399285000085,41.394232489000046],[52.719086134000065,41.403957424000055],[52.717784050000034,41.417181708000044],[52.715830925000034,41.42641836100006],[52.71029707100007,41.43227773600006],[52.69361412900008,41.444525458000044],[52.682383660000085,41.45034414300005],[52.65593509200005,41.45335521000004],[52.64625084700003,41.458197333000044],[52.611664259000065,41.49237702000005],[52.59392337300005,41.50263092700004],[52.57536868600005,41.50873444200005],[52.56218509200005,41.51947663000004],[52.56023196700005,41.543850002000056],[52.563487175000034,41.546210028000075],[52.58415774800005,41.57461172100005],[52.58773847700007,41.58270905200004],[52.588633660000085,41.594183661000045],[52.58757571700005,41.61615631700005],[52.58912194100009,41.62319570500006],[52.59522545700008,41.63373444200005],[52.59555097700007,41.64004140800006],[52.592539910000085,41.645738023000035],[52.58773847700007,41.64956289300005],[52.583018425000034,41.652004299000055],[52.580739780000044,41.65371328300006],[52.57252037900008,41.67377350500004],[52.567149285000085,41.681708075000074],[52.56023196700005,41.68781159100007],[52.55290774800005,41.68964264500005],[52.53663170700008,41.687933661000045],[52.52955162900008,41.69122955900008],[52.519867384000065,41.70209381700005],[52.51449629000007,41.70693594000005],[52.498789910000085,41.712103583000044],[52.48357181100005,41.726263739000046],[52.474619988000086,41.72943756700005],[52.450205925000034,41.734808661000045],[52.43767337300005,41.74884674700007],[52.43580162900008,41.76854075700004],[52.44361412900008,41.79092031500005],[52.48194420700008,41.86395905200004],[52.490977410000085,41.902044989000046],[52.48454837300005,41.94163646000004],[52.47413170700008,41.962591864000046],[52.46119225400008,41.978949286000045],[52.45167076900003,41.986314195000034],[52.44166100400008,41.99237702000005],[52.43376712300005,42.000433661000045],[52.43051191500007,42.013739325000074],[52.43726647200003,42.04783763200004],[52.43677819100009,42.057806708000044],[52.43083743600005,42.06712474200003],[52.40202884200005,42.09251536700003],[52.413096550000034,42.106675523000035],[52.422211134000065,42.12531159100007],[52.428396030000044,42.14545319200005],[52.43051191500007,42.16388580900008],[52.436289910000085,42.17987702000005],[52.45053144600007,42.18781159100007],[52.46827233200008,42.19310130400004],[52.48454837300005,42.20172760600008],[52.533539259000065,42.271918036000045],[52.58757571700005,42.32684967700004],[52.594086134000065,42.335272528000075],[52.59913170700008,42.34471263200004],[52.60124759200005,42.356350002000056],[52.60010826900003,42.37767161700003],[52.60108483200008,42.38861725500004],[52.60482832100007,42.39667389500005],[52.63445071700005,42.41864655200004],[52.64283287900008,42.42829010600008],[52.64600670700008,42.43650950700004],[52.647471550000034,42.45359935100004],[52.64966881600009,42.46185944200005],[52.66627037900008,42.50177643400008],[52.67628014400003,42.53847890800006],[52.676524285000085,42.57453034100007],[52.66334069100009,42.61269765800006],[52.63795006600009,42.655503648000035],[52.61850019600007,42.67841217700004],[52.57569420700008,42.69863515800006],[52.56421959700003,42.72089264500005],[52.56381269600007,42.742254950000074],[52.57447350400008,42.74982330900008],[52.58155358200008,42.73924388200004],[52.58912194100009,42.71824778900009],[52.60043379000007,42.69765859600005],[52.61890709700003,42.68842194200005],[52.62810306100005,42.68585846600007],[52.66334069100009,42.66791413000004],[52.668304884000065,42.66063060100004],[52.669932488000086,42.65298086100006],[52.67172285200007,42.647650458000044],[52.67693118600005,42.64740631700005],[52.69092858200008,42.610988674000055],[52.70093834700003,42.59320709800005],[52.71045983200008,42.58539459800005],[52.721446160000085,42.59349192900004],[52.73259524800005,42.61383698100008],[52.741221550000034,42.637884833000044],[52.74463951900003,42.65737539300005],[52.736338738000086,42.70136139500005],[52.712901238000086,42.73078034100007],[52.676524285000085,42.74664948100008],[52.62916100400008,42.74982330900008],[52.625010613000086,42.774725653000075],[52.574229363000086,42.798529364000046],[52.47087649800005,42.826239325000074],[52.371836785000085,42.83242422100005],[52.357432488000086,42.831732489000046],[52.34506269600007,42.829413153000075],[52.33318118600005,42.82518138200004],[52.320648634000065,42.81875234600005],[52.315114780000044,42.81297435100004],[52.30420983200008,42.79564036700003],[52.299571160000085,42.79083893400008],[52.27295983200008,42.79877350500004],[52.20630944100009,42.866115627000056],[52.16920006600009,42.88703034100007],[52.145518425000034,42.88849518400008],[52.05836022200003,42.87848541900007],[51.99170983200008,42.85968659100007],[51.955088738000086,42.84064362200007],[51.93279056100005,42.83494700700004],[51.912445509000065,42.84235260600008],[51.853851759000065,42.893784898000035],[51.839854363000086,42.909369208000044],[51.81788170700008,42.94114817900004],[51.80258222700007,42.958685614000046],[51.79273522200003,42.97418854400007],[51.78239993600005,43.011379299000055],[51.77198326900003,43.03099192900004],[51.72445722700007,43.07050202000005],[51.71143639400003,43.09088776200008],[51.69849694100009,43.09430573100008],[51.68441816500007,43.09609609600005],[51.675791863000086,43.09992096600007],[51.67074629000007,43.11273834800005],[51.673838738000086,43.121161200000074],[51.679698113000086,43.12909577000005],[51.68311608200008,43.14085521000004],[51.67937259200005,43.15973541900007],[51.66773522200003,43.179754950000074],[51.651052280000044,43.191392320000034],[51.612315300000034,43.177069403000075],[51.563243035000085,43.17918528900009],[51.539805535000085,43.174994208000044],[51.531911655000044,43.16937897300005],[51.52564537900008,43.16258372600004],[51.51872806100005,43.15692780200004],[51.508555535000085,43.15448639500005],[51.49586022200003,43.15680573100008],[51.47282962300005,43.16657135600008],[51.46029707100007,43.168850002000056],[51.367849155000044,43.15448639500005],[51.275726759000065,43.15448639500005],[51.262705925000034,43.16461823100008],[51.266286655000044,43.187567450000074],[51.30241946700005,43.26898834800005],[51.312836134000065,43.31118398600006],[51.31959069100009,43.44253164300005],[51.31470787900008,43.46246979400007],[51.283213738000086,43.50836823100008],[51.27857506600009,43.517645575000074],[51.27670332100007,43.52716705900008],[51.275401238000086,43.54979075700004],[51.27295983200008,43.558579820000034],[51.25766035200007,43.572251695000034],[51.21810957100007,43.59332916900007],[51.21021569100009,43.61009349200003],[51.20687910200007,43.62445709800005],[51.19849694100009,43.626166083000044],[51.18734785200007,43.62250397300005],[51.176117384000065,43.62067291900007],[51.16342207100007,43.622707424000055],[51.15601647200003,43.62482330900008],[51.14185631600009,43.63373444200005],[51.11500084700003,43.66083405200004],[51.02312259200005,43.80097077000005],[51.01490319100009,43.81854889500005],[51.01156660200007,43.836004950000074],[51.00863691500007,43.84560781500005],[51.001963738000086,43.85419342700004],[50.99496504000007,43.86147695500006],[50.99105879000007,43.86709219000005],[50.99040774800005,43.876939195000034],[50.992849155000044,43.89858633000006],[50.99105879000007,43.90810781500005],[50.98324629000007,43.91901276200008],[50.95329837300005,43.938788153000075],[50.94678795700008,43.94721100500004],[50.93873131600009,43.965725002000056],[50.92359459700003,43.98305898600006],[50.91130618600005,44.002386786000045],[50.90170332100007,44.011053778000075],[50.891368035000085,44.01544830900008],[50.86882571700005,44.02033112200007],[50.86085045700008,44.025376695000034],[50.85279381600009,44.038763739000046],[50.85368899800005,44.04755280200004],[50.858164910000085,44.05621979400007],[50.86085045700008,44.06940338700008],[50.85718834700003,44.152777411000045],[50.85279381600009,44.17340729400007],[50.84717858200008,44.18927643400008],[50.82162519600007,44.21503327000005],[50.781260613000086,44.23590729400007],[50.696299675000034,44.26434967700004],[50.34457441500007,44.31126536700003],[50.29908287900008,44.32636139500005],[50.277679884000065,44.33649323100008],[50.25521894600007,44.35101959800005],[50.23747806100005,44.36933014500005],[50.23015384200005,44.39093659100007],[50.23682701900003,44.435980536000045],[50.23755944100009,44.45774974200003],[50.23015384200005,44.476629950000074],[50.23755944100009,44.484076239000046],[50.227549675000034,44.50218333500004],[50.22217858200008,44.534816799000055],[50.224619988000086,44.567694403000075],[50.23755944100009,44.58649323100008],[50.25407962300005,44.557521877000056],[50.268321160000085,44.57054271000004],[50.27849368600005,44.59837474200003],[50.28174889400003,44.61375560100004],[50.29273522200003,44.61896393400008],[50.295258009000065,44.63117096600007],[50.29542076900003,44.644964911000045],[50.29908287900008,44.65534088700008],[50.311208530000044,44.66233958500004],[50.32016035200007,44.65989817900004],[50.328868035000085,44.65326569200005],[50.34001712300005,44.64789459800005],[50.49781334700003,44.62579987200007],[50.54542076900003,44.62742747600004],[50.59229576900003,44.63971588700008],[50.61695397200003,44.63971588700008],[50.62745201900003,44.62400950700004],[50.64275149800005,44.620794989000046],[50.730479363000086,44.62055084800005],[50.74561608200008,44.60919830900008],[50.756846550000034,44.60504791900007],[50.768321160000085,44.61033763200004],[50.775401238000086,44.62055084800005],[50.77906334700003,44.62807851800005],[50.784190300000034,44.63271719000005],[50.795909050000034,44.63426341400009],[50.84791100400008,44.632798570000034],[50.87289472700007,44.62885163000004],[50.894867384000065,44.62055084800005],[50.930349155000044,44.596909898000035],[50.96045983200008,44.56972890800006],[50.97006269600007,44.56537506700005],[50.994476759000065,44.56826406500005],[51.00473066500007,44.56598541900007],[51.01124108200008,44.55801015800006],[51.00863691500007,44.55145905200004],[51.000743035000085,44.54702383000006],[50.99105879000007,44.54547760600008],[51.00733483200008,44.52879466400009],[51.03345787900008,44.51581452000005],[51.11459394600007,44.48847077000005],[51.143321160000085,44.48476797100005],[51.172618035000085,44.485581773000035],[51.20281009200005,44.49091217700004],[51.225271030000044,44.49974192900004],[51.27857506600009,44.53864166900007],[51.28101647200003,44.54120514500005],[51.28272545700008,44.54474518400008],[51.28565514400003,44.54857005400004],[51.29224694100009,44.55231354400007],[51.299164259000065,44.55365631700005],[51.32349694100009,44.55231354400007],[51.338633660000085,44.554022528000075],[51.366221550000034,44.560207424000055],[51.381521030000044,44.559759833000044],[51.373789910000085,44.52773672100005],[51.40251712300005,44.52142975500004],[51.47095787900008,44.53188711100006],[51.53793379000007,44.50934479400007],[51.56031334700003,44.511379299000055],[51.57390384200005,44.52391185100004],[51.568695509000065,44.53774648600006],[51.55437259200005,44.550482489000046],[51.539805535000085,44.559759833000044],[51.479502800000034,44.58315664300005],[51.43897545700008,44.61005280200004],[51.41553795700008,44.61212799700007],[51.367849155000044,44.600775458000044],[51.319346550000034,44.59638092700004],[51.29184004000007,44.614488023000035],[51.25798587300005,44.68891022300005],[51.234385613000086,44.71906159100007],[51.20093834700003,44.74091217700004],[51.12086022200003,44.77826569200005],[51.11060631600009,44.78546784100007],[51.10377037900008,44.79205963700008],[51.096039259000065,44.796861070000034],[51.06023196700005,44.80023834800005],[51.049571160000085,44.80345286700003],[51.04517662900008,44.80963776200008],[51.034190300000034,44.81785716400009],[50.970713738000086,44.84715403900009],[50.96241295700008,44.86367422100005],[50.959971550000034,44.88646067900004],[50.965505405000044,44.906683661000045],[50.980804884000065,44.91543203300006],[50.98975670700008,44.91893138200004],[50.99382571700005,44.92715078300006],[50.99398847700007,44.93646881700005],[50.99105879000007,44.943345445000034],[50.97966556100005,44.94871653900009],[50.96599368600005,44.94944896000004],[50.95435631600009,44.95221588700008],[50.949554884000065,44.96381256700005],[50.959320509000065,44.97882721600007],[50.98218834700003,44.989488023000035],[51.008555535000085,44.99583567900004],[51.028330925000034,44.99799225500004],[51.05355879000007,44.995428778000075],[51.065196160000085,44.99701569200005],[51.07935631600009,45.00482819200005],[51.086273634000065,45.01146067900004],[51.09782962300005,45.02529531500005],[51.10718834700003,45.03217194200005],[51.15023847700007,45.053615627000056],[51.174571160000085,45.062201239000046],[51.19654381600009,45.065619208000044],[51.213552280000044,45.05756256700005],[51.23161868600005,45.040676174000055],[51.25114993600005,45.02606842700004],[51.27295983200008,45.024644273000035],[51.28174889400003,45.037543036000045],[51.27491295700008,45.05683014500005],[51.260752800000034,45.076605536000045],[51.24781334700003,45.09048086100006],[51.24341881600009,45.10106028900009],[51.24773196700005,45.112982489000046],[51.25440514400003,45.124660549000055],[51.25798587300005,45.13450755400004],[51.256521030000044,45.14130280200004],[51.24830162900008,45.156683661000045],[51.24439537900008,45.161810614000046],[51.25123131600009,45.175482489000046],[51.26319420700008,45.192572333000044],[51.293630405000044,45.225490627000056],[51.299571160000085,45.24095286700003],[51.309255405000044,45.25731028900009],[51.397227410000085,45.33258698100008],[51.40609785200007,45.34857819200005],[51.40951582100007,45.37103913000004],[51.41570071700005,45.389960028000075],[51.42994225400008,45.380926825000074],[51.45671634200005,45.34739817900004],[51.49390709700003,45.33470286700003],[51.543711785000085,45.33490631700005],[51.59294681100005,45.34471263200004],[51.627940300000034,45.36107005400004],[51.65870201900003,45.38532135600008],[51.66773522200003,45.389553127000056],[51.690196160000085,45.38861725500004],[51.699961785000085,45.39207591400009],[51.714854363000086,45.40965403900009],[51.72641035200007,45.429388739000046],[51.73951256600009,45.44684479400007],[51.75831139400003,45.45726146000004],[51.77035566500007,45.44773997600004],[51.78142337300005,45.43423086100006],[51.78931725400008,45.41933828300006],[51.79249108200008,45.405462958000044],[51.87842858200008,45.39520905200004],[51.89429772200003,45.39085521000004],[51.92115319100009,45.37164948100008],[51.940114780000044,45.36733633000006],[51.957774285000085,45.37164948100008],[51.99008222700007,45.39085521000004],[52.008799675000034,45.39520905200004],[52.03142337300005,45.393011786000045],[52.07203209700003,45.38361237200007],[52.094086134000065,45.38153717700004],[52.403086785000085,45.409409898000035],[52.44581139400003,45.40058014500005],[52.51929772200003,45.40888092700004],[52.56666100400008,45.40070221600007],[52.73519941500007,45.34784577000005],[52.83513431100005,45.33665599200003],[52.88502037900008,45.31830475500004],[52.90967858200008,45.31268952000005],[53.00220787900008,45.32013580900008],[53.02849368600005,45.316473700000074],[53.08334394600007,45.301662502000056],[53.10824629000007,45.29962799700007],[53.129242384000065,45.30487702000005],[53.170909050000034,45.32249583500004],[53.194346550000034,45.32636139500005],[53.20045006600009,45.32843659100007],[53.21241295700008,45.33803945500006],[53.21810957100007,45.34056224200003],[53.242849155000044,45.33539459800005],[53.24545332100007,45.33380768400008],[53.25220787900008,45.33698151200008],[53.26124108200008,45.34284088700008],[53.26734459700003,45.350897528000075],[53.26587975400008,45.36107005400004],[53.24756920700008,45.36969635600008],[53.142914259000065,45.383978583000044],[53.13453209700003,45.38959381700005],[53.12867272200003,45.39638906500005],[53.12191816500007,45.402044989000046],[53.112071160000085,45.40615469000005],[53.08171634200005,45.40888092700004],[53.03565514400003,45.41876862200007],[52.90967858200008,45.46344635600008],[52.885101759000065,45.46747467700004],[52.875743035000085,45.471136786000045],[52.85726972700007,45.488714911000045],[52.85010826900003,45.494208075000074],[52.84066816500007,45.497259833000044],[52.80420983200008,45.50104401200008],[52.75521894600007,45.516791083000044],[52.73845462300005,45.52558014500005],[52.74341881600009,45.538316148000035],[52.73804772200003,45.546942450000074],[52.73194420700008,45.55414459800005],[52.73462975400008,45.56281159100007],[52.74268639400003,45.573431708000044],[52.74301191500007,45.58079661700003],[52.740244988000086,45.58783600500004],[52.73845462300005,45.59723541900007],[52.74000084700003,45.62083567900004],[52.74561608200008,45.63914622600004],[52.75709069100009,45.65106842700004],[52.77588951900003,45.65525950700004],[52.79224694100009,45.66290924700007],[52.80388431100005,45.68073151200008],[52.820323113000086,45.71735260600008],[52.85873457100007,45.764837958000044],[52.87549889400003,45.77879466400009],[52.88624108200008,45.78367747600004],[52.910899285000085,45.79051341400009],[52.919932488000086,45.796128648000035],[52.95435631600009,45.83030833500004],[52.967458530000044,45.84780508000006],[52.98658287900008,45.88613515800006],[53.00220787900008,45.90607330900008],[53.031260613000086,45.927394924000055],[53.040049675000034,45.93646881700005],[53.04476972700007,45.94505442900004],[53.05396569100009,45.967230536000045],[53.06039472700007,45.97801341400009],[53.08179772200003,46.005113023000035],[53.086599155000044,46.02049388200004],[53.08171634200005,46.03880442900004],[53.08171634200005,46.03266022300005],[53.07699629000007,46.04783763200004],[53.082367384000065,46.06073639500005],[53.10523522200003,46.08388906500005],[53.11378014400003,46.09784577000005],[53.11841881600009,46.11432526200008],[53.127614780000044,46.183294989000046],[53.15674889400003,46.27228424700007],[53.15674889400003,46.34170156500005],[53.12826582100007,46.39394765800006],[53.08285566500007,46.43496328300006],[53.03256269600007,46.47089264500005],[53.05323326900003,46.46869538000004],[53.08318118600005,46.45014069200005],[53.10206139400003,46.44354889500005],[53.10206139400003,46.45099518400008],[53.08415774800005,46.460150458000044],[53.07545006600009,46.47565338700008],[53.07504316500007,46.494208075000074],[53.08171634200005,46.51243724200003],[53.063243035000085,46.505845445000034],[53.04078209700003,46.49017975500004],[53.01783287900008,46.47866445500006],[52.998383009000065,46.48456452000005],[52.99659264400003,46.504787502000056],[53.00961347700007,46.531683661000045],[53.040049675000034,46.573919989000046],[53.041758660000085,46.55536530200004],[53.05420983200008,46.54559967700004],[53.07178795700008,46.54474518400008],[53.087901238000086,46.55341217700004],[53.095713738000086,46.568345445000034],[53.10010826900003,46.605129299000055],[53.10824629000007,46.62173086100006],[53.11768639400003,46.60150788000004],[53.125743035000085,46.606634833000044],[53.13363691500007,46.622707424000055],[53.14242597700007,46.63532135600008],[53.15202884200005,46.63768138200004],[53.17497806100005,46.63495514500005],[53.18409264400003,46.63532135600008],[53.19581139400003,46.639837958000044],[53.20053144600007,46.64329661700003],[53.20460045700008,46.65582916900007],[53.207774285000085,46.695013739000046],[53.188161655000044,46.718003648000035],[53.156911655000044,46.72890859600005],[53.125743035000085,46.73159414300005],[53.105804884000065,46.73725006700005],[53.09945722700007,46.75112539300005],[53.10206139400003,46.78310781500005],[53.08350670700008,46.85325755400004],[53.064789259000065,46.87946198100008],[53.06039472700007,46.89232005400004],[53.05193118600005,46.898423570000034],[53.00904381600009,46.89484284100007],[52.992198113000086,46.89545319200005],[52.97413170700008,46.90843333500004],[52.935557488000086,46.948919989000046],[52.919932488000086,46.957464911000045],[52.875010613000086,46.95677317900004],[52.78272545700008,46.94383372600004],[52.72738691500007,46.95001862200007],[52.61475670700008,46.95001862200007],[52.59034264400003,46.954413153000075],[52.57154381600009,46.962225653000075],[52.53695722700007,46.98883698100008],[52.51937910200007,46.994208075000074],[52.45590254000007,47.001166083000044],[52.43677819100009,46.99909088700008],[52.42725670700008,46.99017975500004],[52.42335045700008,46.97907135600008],[52.42310631600009,46.95380280200004],[52.41928144600007,46.94399648600006],[52.374034050000034,46.903631903000075],[52.35718834700003,46.89362213700008],[52.26221764400003,46.87010325700004],[52.235036655000044,46.86888255400004],[52.201833530000044,46.88544342700004],[52.18881269600007,46.88377513200004],[52.180674675000034,46.87555573100008],[52.18287194100009,46.86188385600008],[52.189463738000086,46.858710028000075],[52.215830925000034,46.851629950000074],[52.22437584700003,46.84829336100006],[52.23064212300005,46.84194570500006],[52.237315300000034,46.83234284100007],[52.24268639400003,46.821193752000056],[52.244883660000085,46.81004466400009],[52.238942905000044,46.80683014500005],[52.11255944100009,46.81273021000004],[52.087901238000086,46.82094961100006],[52.078135613000086,46.82575104400007],[52.07178795700008,46.83002350500004],[52.068369988000086,46.83738841400009],[52.067393425000034,46.85138580900008],[52.06185957100007,46.850043036000045],[52.049571160000085,46.85687897300005],[52.01726321700005,46.88068268400008],[52.00700931100005,46.88507721600007],[52.000010613000086,46.89057038000004],[51.99789472700007,46.90289948100008],[52.00359134200005,46.90961334800005],[52.01449629000007,46.917222398000035],[52.022471550000034,46.926214911000045],[52.01889082100007,46.93699778900009],[51.999034050000034,46.94098541900007],[51.981211785000085,46.92332591400009],[51.96070397200003,46.88580963700008],[51.941416863000086,46.87995026200008],[51.90967858200008,46.88108958500004],[51.87671959700003,46.88694896000004],[51.853851759000065,46.89545319200005],[51.885427280000044,46.92446523600006],[51.895518425000034,46.93081289300005],[51.874034050000034,46.935614325000074],[51.849619988000086,46.92820872600004],[51.80600019600007,46.909084377000056],[51.78492272200003,46.90912506700005],[51.763682488000086,46.915716864000046],[51.74390709700003,46.92682526200008],[51.72771243600005,46.94041575700004],[51.68921959700003,46.96149323100008],[51.675791863000086,46.978583075000074],[51.696055535000085,47.021185614000046],[51.694021030000044,47.04173411700003],[51.68018639400003,47.05703359600005],[51.655284050000034,47.059881903000075],[51.635752800000034,47.04877350500004],[51.62680097700007,47.029282945000034],[51.621104363000086,47.00739166900007],[51.61101321700005,46.98883698100008],[51.59229576900003,46.98725006700005],[51.57203209700003,47.00482819200005],[51.54607181100005,47.04002513200004],[51.52719160200007,47.05296458500004],[51.502614780000044,47.06134674700007],[51.437836134000065,47.06915924700007],[51.381846550000034,47.083685614000046],[51.25359134200005,47.10297272300005],[51.21257571700005,47.12091705900008],[51.18702233200008,47.116888739000046],[51.14185631600009,47.09467194200005],[51.10271243600005,47.08047109600005],[50.970713738000086,47.059881903000075],[50.951914910000085,47.05219147300005],[50.922862175000034,47.02496979400007],[50.90544681100005,47.01894765800006],[50.89079837300005,47.02228424700007],[50.86833743600005,47.036769924000055],[50.857432488000086,47.04002513200004],[50.84652754000007,47.036769924000055],[50.840586785000085,47.02948639500005],[50.83952884200005,47.02228424700007],[50.843760613000086,47.01894765800006],[50.83814537900008,47.00991445500006],[50.757823113000086,46.91551341400009],[50.740570509000065,46.90615469000005],[50.730479363000086,46.92332591400009],[50.73389733200008,46.93496328300006],[50.75318444100009,46.955064195000034],[50.757823113000086,46.968003648000035],[50.75212649800005,46.974676825000074],[50.73951256600009,46.96922435100004],[50.703786655000044,46.942694403000075],[50.67823326900003,46.93268463700008],[50.651377800000034,46.92829010600008],[50.63111412900008,46.93390534100007],[50.61605879000007,46.935614325000074],[50.610362175000034,46.915269273000035],[50.60694420700008,46.86810944200005],[50.598643425000034,46.852443752000056],[50.58545983200008,46.837225653000075],[50.569102410000085,46.82904694200005],[50.55160566500007,46.83462148600006],[50.56983483200008,46.85236237200007],[50.580821160000085,46.867621161000045],[50.578135613000086,46.87836334800005],[50.555430535000085,46.88239166900007],[50.52133222700007,46.874660549000055],[50.514414910000085,46.87181224200003],[50.50277754000007,46.86359284100007],[50.49366295700008,46.86579010600008],[50.48617597700007,46.87201569200005],[50.45337975400008,46.89175039300005],[50.44304446700005,46.89545319200005],[50.43474368600005,46.89687734600005],[50.43018639400003,46.89671458500004],[50.42514082100007,46.89272695500006],[50.41578209700003,46.88239166900007],[50.38363691500007,46.81777578300006],[50.36736087300005,46.806626695000034],[50.372080925000034,46.81932200700004],[50.37427819100009,46.85443756700005],[50.36085045700008,46.84650299700007],[50.35303795700008,46.834865627000056],[50.34734134200005,46.82282135600008],[50.34001712300005,46.81346263200004],[50.333018425000034,46.81102122600004],[50.31413821700005,46.80931224200003],[50.30591881600009,46.806626695000034],[50.29867597700007,46.801947333000044],[50.29420006600009,46.79791901200008],[50.25147545700008,46.74241771000004],[50.23096764400003,46.72601959800005],[50.21314537900008,46.728176174000055],[50.21314537900008,46.73773834800005],[50.21989993600005,46.75018952000005],[50.22315514400003,46.761053778000075],[50.21314537900008,46.765692450000074],[50.20036868600005,46.76308828300006],[50.16879316500007,46.74909088700008],[50.07935631600009,46.68378327000005],[50.050791863000086,46.649603583000044],[50.03402754000007,46.63515859600005],[50.01417076900003,46.62913646000004],[49.976573113000086,46.63222890800006],[49.96265709700003,46.62913646000004],[49.95281009200005,46.62368398600006],[49.93718509200005,46.60789622600004],[49.92855879000007,46.601263739000046],[49.893321160000085,46.59076569200005],[49.88233483200008,46.575873114000046],[49.86850019600007,46.57558828300006],[49.83969160200007,46.58075592700004],[49.82545006600009,46.571478583000044],[49.823252800000034,46.55329010600008],[49.817393425000034,46.54043203300006],[49.79184004000007,46.54726797100005],[49.77955162900008,46.561835028000075],[49.77133222700007,46.56708405200004],[49.76091556100005,46.563381252000056],[49.76091556100005,46.54173411700003],[49.75749759200005,46.531683661000045],[49.74732506600009,46.536322333000044],[49.72681725400008,46.55459219000005],[49.713633660000085,46.561428127000056],[49.70264733200008,46.560248114000046],[49.70085696700005,46.55247630400004],[49.70435631600009,46.52716705900008],[49.70264733200008,46.51927317900004],[49.637705925000034,46.577337958000044],[49.62256920700008,46.58283112200007],[49.61963951900003,46.563788153000075],[49.62680097700007,46.51927317900004],[49.608083530000044,46.527004299000055],[49.597666863000086,46.521144924000055],[49.59001712300005,46.50922272300005],[49.57894941500007,46.49884674700007],[49.570648634000065,46.521918036000045],[49.55787194100009,46.534369208000044],[49.498057488000086,46.552801825000074],[49.480804884000065,46.560614325000074],[49.469737175000034,46.573553778000075],[49.469086134000065,46.59438711100006],[49.46924889400009,46.56264883000006],[49.47234134200005,46.54661692900004],[49.48617597700007,46.53465403900009],[49.49659264400009,46.509019273000035],[49.50407962300005,46.49884674700007],[49.492849155000044,46.49957916900007],[49.475596550000034,46.50495026200008],[49.46566816500007,46.506293036000045],[49.45679772200003,46.50958893400008],[49.45753014400009,46.517279364000046],[49.461680535000085,46.52619049700007],[49.46225019600007,46.53294505400004],[49.45826256600009,46.536769924000055],[49.438487175000034,46.55036041900007],[49.42896569100009,46.55487702000005],[49.42367597700007,46.55052317900004],[49.42164147200003,46.54352448100008],[49.42139733200008,46.53974030200004],[49.38949629000007,46.54401276200008],[49.353851759000065,46.55353424700007],[49.323008660000085,46.568060614000046],[49.305349155000044,46.587591864000046],[49.31299889400009,46.56207916900007],[49.37859134200005,46.510199286000045],[49.39421634200005,46.47833893400008],[49.37452233200008,46.484076239000046],[49.33757571700005,46.485256252000056],[49.33326256600009,46.48456452000005],[49.31918379000007,46.497259833000044],[49.309580925000034,46.51227448100008],[49.297862175000034,46.52374909100007],[49.278086785000085,46.525458075000074],[49.278086785000085,46.51927317900004],[49.29468834700003,46.50800202000005],[49.297618035000085,46.48688385600008],[49.30355879000007,46.466457424000055],[49.32943769600007,46.45722077000005],[49.36687259200005,46.42987702000005],[49.37086022200003,46.42088450700004],[49.37273196700005,46.41038646000004],[49.371429884000065,46.39935944200005],[49.36687259200005,46.38898346600007],[49.32569420700008,46.41034577000005],[49.30632571700005,46.423895575000074],[49.291758660000085,46.43740469000005],[49.27784264400009,46.45380280200004],[49.266286655000044,46.464056708000044],[49.250336134000065,46.46938711100006],[49.223399285000085,46.47089264500005],[49.23462975400008,46.46474844000005],[49.243174675000034,46.45856354400007],[49.248789910000085,46.449204820000034],[49.250743035000085,46.433661200000074],[49.25538170700008,46.42413971600007],[49.291758660000085,46.39642975500004],[49.287852410000085,46.39472077000005],[49.278086785000085,46.38898346600007],[49.26384524800005,46.396144924000055],[49.18490644600007,46.41380442900004],[49.17359459700003,46.41351959800005],[49.16822350400008,46.409409898000035],[49.17042076900009,46.39911530200004],[49.178396030000044,46.39280833500004],[49.18897545700008,46.38971588700008],[49.199229363000086,46.38898346600007],[49.215830925000034,46.38031647300005],[49.22217858200008,46.36127350500004],[49.22388756600009,46.34227122600004],[49.22641035200007,46.333685614000046],[49.22706139400009,46.32794830900008],[49.22714277400007,46.32786692900004],[49.26384524800005,46.29336172100005],[49.295909050000034,46.274725653000075],[49.30600019600007,46.26312897300005],[49.29851321700005,46.25177643400008],[49.281993035000085,46.24990469000005],[49.26539147200003,46.257513739000046],[49.24919681100005,46.26732005400004],[49.23324629000007,46.27228424700007],[49.19776451900009,46.27789948100008],[49.15967858200008,46.29193756700005],[49.14210045700008,46.30996328300006],[49.16822350400008,46.32754140800006],[49.15015709700003,46.33576080900008],[49.13819420700008,46.32965729400007],[49.119802280000044,46.30573151200008],[49.08814537900008,46.29450104400007],[49.076182488000086,46.28620026200008],[49.07935631600009,46.27228424700007],[49.071299675000034,46.26825592700004],[49.066416863000086,46.26386139500005],[49.058929884000065,46.25177643400008],[49.088226759000065,46.251166083000044],[49.10474694100009,46.240668036000045],[49.111989780000044,46.221136786000045],[49.119476759000065,46.15875885600008],[49.11451256600009,46.151271877000056],[49.09302819100009,46.16242096600007],[49.083994988000086,46.17177969000005],[49.069021030000044,46.19196198100008],[49.058929884000065,46.19717031500005],[49.04224694100009,46.19623444200005],[49.033213738000086,46.18891022300005],[49.02751712300005,46.18060944200005],[49.02076256600009,46.176662502000056],[48.99390709700003,46.171942450000074],[48.955821160000085,46.14948151200008],[48.93482506600009,46.141913153000075],[48.93482506600009,46.13568756700005],[48.95264733200008,46.112616278000075],[48.95533287900008,46.10781484600005],[48.949961785000085,46.09829336100006],[48.94060306100005,46.08926015800006],[48.93181399800005,46.085272528000075],[48.92798912900008,46.091009833000044],[48.92432701900009,46.11147695500006],[48.914398634000065,46.13198476800005],[48.89926191500007,46.14838288000004],[48.88013756600009,46.15619538000004],[48.88168379000007,46.14288971600007],[48.887054884000065,46.122259833000044],[48.88697350400008,46.10781484600005],[48.874034050000034,46.117621161000045],[48.85328209700003,46.14101797100005],[48.83920332100007,46.14935944200005],[48.83179772200003,46.141913153000075],[48.85084069100009,46.12531159100007],[48.86801191500007,46.09979889500005],[48.87419681100005,46.078192450000074],[48.85962975400008,46.07363515800006],[48.84294681100005,46.08730703300006],[48.832367384000065,46.10765208500004],[48.81853274800005,46.124701239000046],[48.791351759000065,46.128241278000075],[48.81983483200008,46.10346100500004],[48.82764733200008,46.08771393400008],[48.82553144600007,46.06679922100005],[48.81788170700008,46.05621979400007],[48.80844160200007,46.056626695000034],[48.80095462300005,46.06468333500004],[48.797618035000085,46.077053127000056],[48.78174889400009,46.09666575700004],[48.74724368600005,46.118801174000055],[48.71412194100009,46.12958405200004],[48.70199629000007,46.115220445000034],[48.69581139400009,46.115220445000034],[48.685557488000086,46.122381903000075],[48.67855879000007,46.120306708000044],[48.66781660200007,46.10781484600005],[48.66537519600007,46.10236237200007],[48.666026238000086,46.09560781500005],[48.66423587300005,46.08978913000004],[48.65455162900008,46.08730703300006],[48.626963738000086,46.08730703300006],[48.64185631600009,46.08075592700004],[48.67367597700007,46.07282135600008],[48.688487175000034,46.06679922100005],[48.71957441500007,46.03115469000005],[48.72624759200005,46.02521393400008],[48.72901451900009,46.019964911000045],[48.72185306100005,46.00849030200004],[48.709971550000034,45.996975002000056],[48.69898522200003,45.99168528900009],[48.68637129000007,45.989569403000075],[48.67172285200007,45.98411692900004],[48.64730879000007,45.97060781500005],[48.64958743600005,45.963324286000045],[48.651377800000034,45.96051666900007],[48.65479576900009,45.95693594000005],[48.67798912900008,45.96906159100007],[48.69906660200007,45.97260163000004],[48.740244988000086,45.97060781500005],[48.75220787900008,45.96556224200003],[48.754893425000034,45.95416901200008],[48.75180097700007,45.94159577000005],[48.74105879000007,45.92300039300005],[48.74244225400008,45.914129950000074],[48.748789910000085,45.90692780200004],[48.75717207100007,45.90228913000004],[48.756602410000085,45.887925523000035],[48.78239993600005,45.85838450700004],[48.791351759000065,45.84088776200008],[48.773773634000065,45.85057200700004],[48.76547285200007,45.85219961100006],[48.74366295700008,45.84088776200008],[48.721446160000085,45.838324286000045],[48.71469160200007,45.831691799000055],[48.71631920700008,45.81354401200008],[48.69516035200007,45.82802969000005],[48.68669681100005,45.84857819200005],[48.691416863000086,45.868801174000055],[48.71013431100005,45.88182200700004],[48.69263756600009,45.88076406500005],[48.67945397200003,45.88532135600008],[48.65479576900009,45.90228913000004],[48.649424675000034,45.90509674700007],[48.643321160000085,45.907538153000075],[48.636729363000086,45.90912506700005],[48.63038170700008,45.90973541900007],[48.62663821700005,45.91242096600007],[48.62232506600009,45.925034898000035],[48.620127800000034,45.92963288000004],[48.593760613000086,45.958197333000044],[48.57341556100005,45.971136786000045],[48.55494225400008,45.96747467700004],[48.522227410000085,45.95359935100004],[48.51710045700008,45.947333075000074],[48.50953209700003,45.940619208000044],[48.49268639400009,45.939886786000045],[48.47510826900009,45.941107489000046],[48.465586785000085,45.94017161700003],[48.45720462300005,45.93231842700004],[48.43474368600005,45.91551341400009],[48.401133660000085,45.87921784100007],[48.393565300000034,45.86815013200004],[48.37940514400009,45.87641022300005],[48.36491946700005,45.876206773000035],[48.35694420700008,45.86937083500004],[48.36280358200008,45.85761139500005],[48.37427819100009,45.85464101800005],[48.407237175000034,45.85187409100007],[48.414073113000086,45.84393952000005],[48.399424675000034,45.83539459800005],[48.30486087300005,45.84088776200008],[48.28874759200005,45.83734772300005],[48.28467858200008,45.82807038000004],[48.28541100400008,45.81500885600008],[48.28370201900009,45.79987213700008],[48.27719160200007,45.78620026200008],[48.26978600400008,45.77948639500005],[48.24968509200005,45.77195872600004],[48.23365319100009,45.76813385600008],[48.22429446700005,45.76837799700007],[48.22087649800005,45.76520416900007],[48.22282962300005,45.75153229400007],[48.22787519600007,45.742254950000074],[48.23568769600007,45.734442450000074],[48.24203535200007,45.72475820500006],[48.242849155000044,45.70990631700005],[48.21599368600005,45.72475820500006],[48.17986087300005,45.73969147300005],[48.14779707100007,45.743353583000044],[48.133555535000085,45.72418854400007],[48.09164472700007,45.74900950700004],[48.078868035000085,45.75153229400007],[48.06381269600007,45.74599844000005],[48.04468834700003,45.72797272300005],[48.02588951900009,45.72260163000004],[48.01921634200005,45.718451239000046],[48.01303144600007,45.71283600500004],[48.00749759200005,45.700506903000075],[48.00025475400008,45.70498281500005],[47.98951256600009,45.71735260600008],[47.98650149800005,45.71967194200005],[47.98218834700003,45.723944403000075],[47.97632897200003,45.72846100500004],[47.96900475400008,45.731634833000044],[47.96143639400009,45.731634833000044],[47.955821160000085,45.728949286000045],[47.95069420700008,45.72573476800005],[47.930430535000085,45.72174713700008],[47.91968834700003,45.71507396000004],[47.89698326900009,45.693793036000045],[47.89185631600009,45.697251695000034],[47.885752800000034,45.710191148000035],[47.87582441500007,45.72260163000004],[47.85914147200003,45.72418854400007],[47.84888756600009,45.717230536000045],[47.84506269600007,45.70677317900004],[47.84546959700003,45.67983633000006],[47.834727410000085,45.659857489000046],[47.83529707100007,45.649603583000044],[47.852305535000085,45.642279364000046],[47.846446160000085,45.63153717700004],[47.838552280000044,45.62201569200005],[47.829112175000034,45.61408112200007],[47.81820722700007,45.60809967700004],[47.77711022200003,45.652329820000034],[47.77035566500007,45.66583893400008],[47.76490319100009,45.68219635600008],[47.75171959700003,45.69086334800005],[47.721364780000044,45.69684479400007],[47.71705162900008,45.69944896000004],[47.71013431100005,45.70807526200008],[47.70492597700007,45.70990631700005],[47.700205925000034,45.70856354400007],[47.69646243600005,45.70587799700007],[47.69255618600005,45.70359935100004],[47.68726647200003,45.70376211100006],[47.67823326900009,45.70538971600007],[47.67156009200005,45.70575592700004],[47.66521243600005,45.70750560100004],[47.65739993600005,45.71360911700003],[47.652679884000065,45.720404364000046],[47.648448113000086,45.73411692900004],[47.64372806100005,45.74091217700004],[47.632823113000086,45.75067780200004],[47.619476759000065,45.75893789300005],[47.60336347700007,45.76508209800005],[47.580414259000065,45.77090078300006],[47.56006920700008,45.771551825000074],[47.55128014400009,45.76203034100007],[47.555349155000044,45.74359772300005],[47.565196160000085,45.74119700700004],[47.57837975400008,45.74494049700007],[47.59229576900009,45.74461497600004],[47.59107506600009,45.74103424700007],[47.60474694100009,45.718817450000074],[47.60661868600005,45.71735260600008],[47.61255944100009,45.714178778000075],[47.62086022200003,45.71308014500005],[47.62614993600005,45.709051825000074],[47.62289472700007,45.69721100500004],[47.62273196700005,45.68821849200003],[47.625743035000085,45.679022528000075],[47.62582441500007,45.67182038000004],[47.61605879000007,45.66893138200004],[47.608083530000044,45.66746653900009],[47.60629316500007,45.66396719000005],[47.60873457100007,45.659491278000075],[47.61264082100007,45.65525950700004],[47.60873457100007,45.63882070500006],[47.623708530000044,45.63068268400008],[47.661143425000034,45.62177155200004],[47.645518425000034,45.59218984600005],[47.64429772200003,45.57908763200004],[47.65365644600007,45.55906810100004],[47.62810306100005,45.55898672100005],[47.61500084700003,45.57021719000005],[47.59913170700008,45.60809967700004],[47.585948113000086,45.62579987200007],[47.54070071700005,45.66583893400008],[47.52906334700003,45.67047760600008],[47.482432488000086,45.66893138200004],[47.472992384000065,45.67377350500004],[47.45622806100005,45.68773021000004],[47.432627800000034,45.69448476800005],[47.43604576900009,45.70302969000005],[47.44646243600005,45.71206289300005],[47.455088738000086,45.71735260600008],[47.463226759000065,45.718085028000075],[47.50342858200008,45.71735260600008],[47.480804884000065,45.730536200000074],[47.42530358200008,45.734808661000045],[47.414073113000086,45.748114325000074],[47.40870201900009,45.75141022300005],[47.39673912900008,45.75287506700005],[47.384776238000086,45.75018952000005],[47.37940514400009,45.74091217700004],[47.383148634000065,45.73395416900007],[47.41065514400009,45.71360911700003],[47.413096550000034,45.70799388200004],[47.412445509000065,45.69562409100007],[47.414073113000086,45.690659898000035],[47.419932488000086,45.68317291900007],[47.427744988000086,45.67641836100006],[47.43189537900008,45.67527903900009],[47.44353274800005,45.67674388200004],[47.448252800000034,45.67641836100006],[47.45362389400009,45.67210521000004],[47.463226759000065,45.65912506700005],[47.468760613000086,45.65525950700004],[47.51514733200008,45.64948151200008],[47.53484134200005,45.643866278000075],[47.55128014400009,45.62799713700008],[47.54818769600007,45.620794989000046],[47.552744988000086,45.61033763200004],[47.55974368600005,45.59845612200007],[47.57016035200007,45.57371653900009],[47.57211347700007,45.56696198100008],[47.57178795700008,45.55906810100004],[47.56771894600007,45.553615627000056],[47.55420983200008,45.54555898600006],[47.55128014400009,45.542303778000075],[47.54232832100007,45.53705475500004],[47.523773634000065,45.54938385600008],[47.508799675000034,45.57111237200007],[47.50961347700007,45.59389883000006],[47.49431399800005,45.585150458000044],[47.493174675000034,45.571966864000046],[47.496429884000065,45.56525299700007],[47.50017337300005,45.55768463700008],[47.526133660000085,45.52484772300005],[47.53646894600007,45.50771719000005],[47.53825931100005,45.50649648600006],[47.53443444100009,45.50608958500004],[47.50147545700008,45.480454820000034],[47.496755405000044,45.47089264500005],[47.49626712300005,45.46157461100006],[47.498789910000085,45.43813711100006],[47.496755405000044,45.42999909100007],[47.47738691500007,45.42243073100008],[47.41911868600005,45.426662502000056],[47.393565300000034,45.42255280200004],[47.38135826900009,45.411037502000056],[47.39535566500007,45.40493398600006],[47.44483483200008,45.402044989000046],[47.45915774800005,45.39874909100007],[47.46013431100005,45.39081452000005],[47.45427493600005,45.38178131700005],[47.448252800000034,45.37474192900004],[47.43246504000007,45.36969635600008],[47.427744988000086,45.36733633000006],[47.42497806100005,45.36391836100006],[47.42318769600007,45.357855536000045],[47.395192905000044,45.320013739000046],[47.38404381600009,45.29946523600006],[47.37940514400009,45.28221263200004],[47.37940514400009,45.202826239000046],[47.370127800000034,45.185614325000074],[47.356455925000034,45.185248114000046],[47.33814537900008,45.19220612200007],[47.314463738000086,45.196600653000075],[47.29712975400008,45.18744538000004],[47.28646894600007,45.16596100500004],[47.27564537900008,45.12083567900004],[47.26124108200008,45.08502838700008],[47.25049889400009,45.06525299700007],[47.22787519600007,45.03339264500005],[47.211680535000085,44.990301825000074],[47.201182488000086,44.970038153000075],[47.180674675000034,44.97671133000006],[47.16578209700003,44.96698639500005],[47.154958530000044,44.94863515800006],[47.14600670700008,44.92910390800006],[47.139659050000034,44.93821849200003],[47.12671959700003,44.95026276200008],[47.11150149800005,44.95848216400009],[47.09880618600005,44.956366278000075],[47.09815514400009,44.946519273000035],[47.111664259000065,44.869574286000045],[47.08448326900009,44.81753164300005],[47.079112175000034,44.800116278000075],[47.07829837300005,44.78510163000004],[47.07146243600005,44.78510163000004],[47.05909264400009,44.80292389500005],[47.02361087300005,44.842962958000044],[47.016286655000044,44.85797760600008],[47.01148522200003,44.90228913000004],[47.00318444100009,44.921576239000046],[46.988942905000044,44.91543203300006],[46.98389733200008,44.89337799700007],[46.99195397200003,44.87006256700005],[47.003916863000086,44.848089911000045],[47.01002037900008,44.830064195000034],[47.00318444100009,44.817613023000035],[46.971446160000085,44.78375885600008],[46.961599155000044,44.76520416900007],[46.943369988000086,44.77496979400007],[46.923838738000086,44.77204010600008],[46.88819420700008,44.75189850500004],[46.867930535000085,44.74046458500004],[46.854502800000034,44.72540924700007],[46.84351647200003,44.70966217700004],[46.83130944100009,44.69635651200008],[46.791677280000044,44.70604075700004],[46.766368035000085,44.68146393400008],[46.74626712300005,44.65403880400004],[46.72201582100007,44.65534088700008],[46.71631920700008,44.63886139500005],[46.707774285000085,44.56972890800006],[46.711599155000044,44.566392320000034],[46.71892337300005,44.55801015800006],[46.72315514400009,44.54946523600006],[46.71827233200008,44.54547760600008],[46.70720462300005,44.54511139500005],[46.69467207100007,44.543036200000074],[46.684580925000034,44.53790924700007],[46.680430535000085,44.52846914300005],[46.683604363000086,44.50678131700005],[46.69776451900009,44.466457424000055],[46.70093834700003,44.446193752000056],[46.711273634000065,44.43183014500005],[46.734385613000086,44.41478099200003],[46.75896243600005,44.40058014500005],[46.77320397200003,44.39468008000006],[46.81763756600009,44.39468008000006],[46.840179884000065,44.397772528000075],[46.851898634000065,44.39760976800005],[47.002614780000044,44.36733633000006],[47.02564537900008,44.35960521000004],[47.04420006600009,44.34625885600008],[47.055430535000085,44.32770416900007],[47.06918379000007,44.28432851800005],[47.07829837300005,44.26434967700004],[47.08871504000007,44.25153229400007],[47.10499108200008,44.23590729400007],[47.12224368600005,44.222723700000074],[47.13607832100007,44.21710846600007],[47.14633222700007,44.21430084800005],[47.166758660000085,44.20331452000005],[47.180023634000065,44.20286692900004],[47.19092858200008,44.20856354400007],[47.21045983200008,44.22675202000005],[47.221690300000034,44.23078034100007],[47.24594160200007,44.21198151200008],[47.26539147200003,44.16864655200004],[47.28988691500007,44.093003648000035],[47.31609134200005,44.05805084800005],[47.333994988000086,44.03953685100004],[47.348643425000034,44.03156159100007],[47.35792076900009,44.02057526200008],[47.38689212300005,43.95648834800005],[47.41228274800005,43.92597077000005],[47.42335045700008,43.90794505400004],[47.427744988000086,43.88418203300006],[47.432627800000034,43.876166083000044],[47.45525149800005,43.87091705900008],[47.461924675000034,43.86029694200005],[47.45948326900009,43.85179271000004],[47.44548587300005,43.829738674000055],[47.441416863000086,43.81928131700005],[47.452159050000034,43.82298411700003],[47.46827233200008,43.82611725500004],[47.482758009000065,43.82489655200004],[47.489268425000034,43.81557851800005],[47.50277754000007,43.78099192900004],[47.50342858200008,43.77090078300006],[47.49545332100007,43.764837958000044],[47.469411655000044,43.76007721600007],[47.45850670700008,43.75446198100008],[47.450205925000034,43.74591705900008],[47.44459069100009,43.73847077000005],[47.433929884000065,43.71625397300005],[47.455088738000086,43.68895091400009],[47.45093834700003,43.68187083500004],[47.44312584700003,43.677394924000055],[47.434580925000034,43.67357005400004],[47.427744988000086,43.66844310100004],[47.40805097700007,43.63686758000006],[47.393565300000034,43.60639069200005],[47.37712649800005,43.616522528000075],[47.37322024800005,43.62067291900007],[47.36573326900009,43.62067291900007],[47.36654707100007,43.602850653000075],[47.371755405000044,43.579738674000055],[47.379893425000034,43.55971914300005],[47.39014733200008,43.55117422100005],[47.404958530000044,43.54376862200007],[47.40381920700008,43.52757396000004],[47.404307488000086,43.511379299000055],[47.42432701900009,43.503973700000074],[47.44849694100009,43.51813385600008],[47.46534264400009,43.55215078300006],[47.47445722700007,43.593451239000046],[47.47584069100009,43.62954336100006],[47.47779381600009,43.643744208000044],[47.48178144600007,43.65314362200007],[47.48878014400009,43.661322333000044],[47.500010613000086,43.671576239000046],[47.50733483200008,43.68573639500005],[47.502696160000085,43.71503327000005],[47.506602410000085,43.72675202000005],[47.52263431100005,43.74884674700007],[47.533864780000044,43.77594635600008],[47.54086347700007,43.804754950000074],[47.54379316500007,43.83234284100007],[47.54184004000007,43.854722398000035],[47.54444420700008,43.865220445000034],[47.554698113000086,43.87763092700004],[47.588226759000065,43.898138739000046],[47.595713738000086,43.90119049700007],[47.625661655000044,43.90033600500004],[47.65284264400009,43.89667389500005],[47.67798912900008,43.88861725500004],[47.701508009000065,43.87449778900009],[47.64380944100009,43.82990143400008],[47.601573113000086,43.765692450000074],[47.54379316500007,43.62750885600008],[47.51970462300005,43.52000560100004],[47.490896030000044,43.46283600500004],[47.48218834700003,43.42177969000005],[47.48324629000007,43.37970612200007],[47.496755405000044,43.34638092700004],[47.488617384000065,43.32953522300005],[47.48682701900009,43.31085846600007],[47.49341881600009,43.29633209800005],[47.50961347700007,43.29169342700004],[47.53435306100005,43.32062409100007],[47.55420983200008,43.325506903000075],[47.570323113000086,43.33372630400004],[47.57740319100009,43.32965729400007],[47.582367384000065,43.32099030200004],[47.58545983200008,43.312201239000046],[47.58570397200003,43.29954661700003],[47.580739780000044,43.292669989000046],[47.57471764400009,43.28778717700004],[47.56495201900009,43.26805247600004],[47.54900149800005,43.25763580900008],[47.51710045700008,43.24331289300005],[47.50603274800005,43.23550039300005],[47.48585045700008,43.21283600500004],[47.481211785000085,43.202337958000044],[47.488291863000086,43.18048737200007],[47.48585045700008,43.171942450000074],[47.47803795700008,43.15989817900004],[47.478851759000065,43.14866771000004],[47.48226972700007,43.138006903000075],[47.482432488000086,43.12726471600007],[47.47641035200007,43.118068752000056],[47.45948326900009,43.10443756700005],[47.455088738000086,43.09992096600007],[47.45281009200005,43.08079661700003],[47.461924675000034,43.020819403000075],[47.53012129000007,42.962103583000044],[47.589854363000086,42.942694403000075],[47.59913170700008,42.931708075000074],[47.60564212300005,42.91742584800005],[47.62159264400009,42.90509674700007],[47.69809004000007,42.86713288000004],[47.70167076900009,42.861761786000045],[47.707774285000085,42.83783600500004],[47.711680535000085,42.83242422100005],[47.709971550000034,42.82217031500005],[47.71664472700007,42.77358633000006],[47.71509850400008,42.75726959800005],[47.721364780000044,42.75726959800005],[47.71697024800005,42.74721914300005],[47.71509850400008,42.73623281500005],[47.715586785000085,42.69668203300006],[47.727305535000085,42.66278717700004],[47.75180097700007,42.63666413000004],[47.83765709700003,42.60492584800005],[47.86768639400009,42.58466217700004],[47.938487175000034,42.48110586100006],[47.992930535000085,42.41966380400004],[48.02369225400008,42.39297109600005],[48.078786655000044,42.36273834800005],[48.09595787900008,42.34979889500005],[48.22234134200005,42.175116278000075],[48.24968509200005,42.146551825000074],[48.286143425000034,42.12083567900004],[48.30404707100007,42.102728583000044],[48.31169681100005,42.08197663000004],[48.31560306100005,42.06028880400004],[48.324961785000085,42.038763739000046],[48.386729363000086,41.937201239000046],[48.416351759000065,41.91502513200004],[48.46241295700008,41.90078359600005],[48.51002037900008,41.89350006700005],[48.55290774800005,41.87555573100008],[48.57862389400009,41.84552643400008],[48.57894941500007,41.84528229400007],[48.58936608200008,41.83836497600004],[48.620127800000034,41.82440827000005],[48.65544681100005,41.80060455900008],[48.74366295700008,41.70892975500004],[48.77784264400009,41.68301015800006],[48.79184004000007,41.66742584800005],[48.797618035000085,41.64313385600008],[48.865896030000044,41.58539459800005],[48.90406334700003,41.52338288000004],[48.92432701900009,41.51780833500004],[48.94117272200003,41.50462474200003],[48.953868035000085,41.48908112200007],[48.96216881600009,41.47614166900007],[48.985362175000034,41.450506903000075],[48.98943118600005,41.444525458000044],[48.994476759000065,41.44041575700004],[49.01921634200005,41.434759833000044],[49.02759850400008,41.43121979400007],[49.04249108200008,41.41437409100007],[49.07862389400009,41.357530015000066],[49.10889733200008,41.309759833000044],[49.123383009000065,41.29368724200003],[49.13591556100005,41.27496979400007],[49.14193769600007,41.253159898000035],[49.154307488000086,41.166449286000045],[49.16065514400009,41.148098049000055],[49.17164147200003,41.14036692900004],[49.178477410000085,41.12885163000004],[49.19548587300005,41.05727773600006],[49.243174675000034,40.99721914300005],[49.36312910200007,40.894232489000046],[49.373057488000086,40.882798570000034],[49.38200931100005,40.86664459800005],[49.40316816500007,40.852728583000044],[49.44874108200008,40.831284898000035],[49.471039259000065,40.83576080900008],[49.48991946700005,40.823146877000056],[49.507823113000086,40.80621979400007],[49.52784264400009,40.79779694200005],[49.53882897200003,40.78807200700004],[49.53435306100005,40.76618073100008],[49.51693769600007,40.72890859600005],[49.51099694100009,40.70954010600008],[49.50953209700003,40.69904205900008],[49.510752800000034,40.687933661000045],[49.51490319100009,40.68158600500004],[49.528330925000034,40.668850002000056],[49.531260613000086,40.663723049000055],[49.531911655000044,40.66286855700008],[49.53891035200007,40.653998114000046],[49.556651238000086,40.64118073100008],[49.576182488000086,40.62995026200008],[49.58961022200003,40.62518952000005],[49.63306725400008,40.62319570500006],[49.65259850400008,40.619208075000074],[49.66846764400003,40.612209377000056],[49.704112175000034,40.58808014500005],[49.72380618600005,40.58075592700004],[49.77393639400003,40.57562897300005],[49.816742384000065,40.56537506700005],[49.84034264400003,40.563788153000075],[49.85865319100009,40.56663646000004],[49.91423587300005,40.58429596600007],[49.938161655000044,40.58746979400007],[50.05201256600009,40.58429596600007],[50.06039472700007,40.57794830900008],[50.064789259000065,40.57094961100006],[50.06804446700005,40.563706773000035],[50.07252037900008,40.55695221600007],[50.09034264400003,40.540228583000044],[50.109385613000086,40.52708567900004],[50.129649285000085,40.518459377000056],[50.22006269600007,40.50364817900004],[50.23755944100009,40.496161200000074],[50.24854576900003,40.48118724200009],[50.260752800000034,40.45807526200008],[50.27588951900003,40.43659088700008],[50.295664910000085,40.42723216400009],[50.317393425000034,40.421210028000075],[50.335948113000086,40.405951239000046],[50.350596550000034,40.38589101800005],[50.36052493600005,40.36517975500004],[50.37077884200005,40.28261953300006],[50.377696160000085,40.27440013200004],[50.38599694100009,40.25568268400008],[50.39112389400003,40.23501211100006],[50.38786868600005,40.221136786000045],[50.36866295700008,40.249701239000046],[50.34791100400008,40.27440013200004],[50.32309004000007,40.296576239000046],[50.27369225400008,40.327337958000044],[50.252614780000044,40.33633047100005],[50.22999108200008,40.34275950700004],[50.18531334700003,40.34747955900008],[50.14771569100009,40.35691966400009],[50.127696160000085,40.35895416900007],[50.11646569100009,40.35797760600008],[50.10287519600007,40.35342031500005],[50.09359785200007,40.35150788000004],[50.05518639400003,40.35150788000004],[50.03760826900003,40.345770575000074],[50.00375410200007,40.324204820000034],[49.98373457100007,40.324204820000034],[49.976573113000086,40.32904694200005],[49.96371504000007,40.34479401200008],[49.955821160000085,40.35150788000004],[49.945323113000086,40.354722398000035],[49.91960696700005,40.35814036700009],[49.89340254000007,40.36904531500005],[49.87354576900003,40.360581773000035],[49.84034264400003,40.33783600500004],[49.84717858200008,40.314154364000046],[49.819021030000044,40.29205963700008],[49.778330925000034,40.275824286000045],[49.711924675000034,40.26434967700004],[49.65365644600007,40.23843008000006],[49.577159050000034,40.21674225500004],[49.559255405000044,40.206691799000055],[49.52084394600007,40.17422109600005],[49.50359134200005,40.164943752000056],[49.492523634000065,40.153998114000046],[49.49040774800005,40.13239166900007],[49.49586022200003,40.10521067900004],[49.49659264400009,40.09454987200007],[49.44263756600009,40.07843659100007],[49.432627800000034,40.06297435100004],[49.43506920700008,40.04279205900008],[49.44874108200008,40.02252838700008],[49.457692905000044,40.01504140800006],[49.47193444100009,40.00649648600006],[49.47974694100009,39.99896881700005],[49.48389733200008,39.98867422100005],[49.47828209700003,39.98232656500005],[49.46827233200008,39.97736237200007],[49.45069420700008,39.964829820000034],[49.44288170700008,39.96185944200005],[49.43539472700007,39.95766836100006],[49.42823326900009,39.94745514500005],[49.42367597700007,39.93549225500004],[49.42310631600009,39.92649974200009],[49.42823326900009,39.90643952000005],[49.43970787900008,39.88499583500004],[49.44312584700003,39.87335846600007],[49.438487175000034,39.861761786000045],[49.429698113000086,39.85431549700007],[49.42204837300005,39.84943268400008],[49.41651451900009,39.843736070000034],[49.41456139400009,39.83417389500005],[49.416351759000065,39.82859935100004],[49.41968834700003,39.82330963700008],[49.42237389400009,39.81732819200005],[49.42139733200008,39.810248114000046],[49.41716556100005,39.805853583000044],[49.40088951900009,39.79661692900004],[49.39478600400008,39.782456773000035],[49.395192905000044,39.77619049700007],[49.40088951900009,39.76927317900004],[49.39633222700007,39.75617096600007],[49.40202884200005,39.74249909100007],[49.424815300000034,39.718085028000075],[49.42359459700003,39.70954010600008],[49.40984134200005,39.70136139500005],[49.38396243600005,39.69013092700004],[49.35873457100007,39.66657135600008],[49.33725019600007,39.64642975500004],[49.31804446700005,39.62140534100007],[49.319021030000044,39.60419342700004],[49.307383660000085,39.587591864000046],[49.29712975400008,39.56557851800005],[49.28923587300005,39.54238515800006],[49.28492272200003,39.52220286700009],[49.285817905000044,39.49518463700008],[49.29574629000007,39.47671133000006],[49.38884524800005,39.41079336100006],[49.40088951900009,39.39935944200005],[49.408946160000085,39.386419989000046],[49.40805097700007,39.382025458000044],[49.40357506600009,39.37848541900007],[49.39730879000007,39.34516022300005],[49.39869225400008,39.335150458000044],[49.40707441500007,39.32367584800005],[49.39478600400008,39.32868073100008],[49.38559004000007,39.33494700700004],[49.37867272200003,39.34247467700004],[49.373057488000086,39.35097890800006],[49.36687259200005,39.35097890800006],[49.37061608200008,39.33616771000004],[49.37907962300005,39.31981028900009],[49.391368035000085,39.30548737200007],[49.40707441500007,39.296942450000074],[49.40707441500007,39.289496161000045],[49.38453209700003,39.29368724200009],[49.37037194100009,39.305853583000044],[49.35767662900008,39.32013580900008],[49.30640709700003,39.34650299700007],[49.27312259200005,39.33657461100006],[49.24732506600009,39.31069570500006],[49.237071160000085,39.278957424000055],[49.23780358200008,39.16950104400007],[49.234304233000046,39.156358140000066],[49.22966556100005,39.138657945000034],[49.215586785000085,39.106350002000056],[49.21078535200007,39.09076569200005],[49.20785566500007,39.05540599200009],[49.20329837300005,39.03412506700005],[49.19385826900009,39.01634349200009],[49.11882571700005,38.97532786700009],[49.07927493600005,38.963324286000045],[49.051524285000085,38.98102448100008],[49.054698113000086,38.99274323100008],[49.05437259200005,39.00079987200007],[49.05583743600005,39.007513739000046],[49.065196160000085,39.01512278900009],[49.110118035000085,39.02195872600004],[49.12549889400009,39.02814362200007],[49.138682488000086,39.04344310100004],[49.146820509000065,39.06342194200005],[49.14771569100009,39.08344147300005],[49.13640384200005,39.10228099200009],[49.11638431100005,39.11029694200005],[49.06861412900008,39.111395575000074],[49.06861412900008,39.120306708000044],[49.06275475400008,39.161322333000044],[49.058929884000065,39.17279694200005],[49.04118899800005,39.18439362200007],[49.022227410000085,39.18821849200009],[48.979502800000034,39.18707916900007],[48.96762129000007,39.18382396000004],[48.96176191500007,39.175848700000074],[48.95785566500007,39.165676174000055],[48.949554884000065,39.151271877000056],[48.94874108200008,39.146185614000046],[48.94906660200007,39.13532135600008],[48.94695071700005,39.12750885600008],[48.942149285000085,39.12539297100005],[48.93726647200003,39.125433661000045],[48.93482506600009,39.12441640800006],[48.93295332100007,39.07770416900007],[48.93637129000007,39.05312734600005],[48.95264733200008,39.03164297100005],[48.94857832100007,39.00722890800006],[48.92172285200007,38.93545156500005],[48.91822350400008,38.928941148000035],[48.89869225400008,38.89305247600004],[48.89625084700003,38.890733140000066],[48.867930535000085,38.86383698100008],[48.83179772200003,38.871161200000074],[48.83253014400009,38.835638739000046],[48.834727410000085,38.81928131700005],[48.83920332100007,38.80353424700007],[48.86312910200007,38.75665924700007],[48.86850019600007,38.60248444200005],[48.87427819100009,38.43423086100006],[48.87427819100009,38.43406810100004],[48.87720787900008,38.34617747600004],[48.865896030000044,38.31688060100004],[48.87289472700007,38.29555898600006],[48.87484785200007,38.24274323100008],[48.89372806100005,38.20579661700009],[48.90772545700008,38.08348216400009],[48.94906660200007,37.966864325000074],[48.94117272200003,37.94773997600004],[48.940196160000085,37.924994208000044],[48.94450931100005,37.90338776200008],[48.952159050000034,37.888006903000075],[48.98747806100005,37.84247467700004],[48.98780358200008,37.832098700000074],[48.984711134000065,37.82318756700005],[48.983164910000085,37.81598541900007],[48.99366295700008,37.77676015800006],[49.01449629000007,37.739162502000056],[49.065196160000085,37.67885976800005],[49.13249759200005,37.62335846600007],[49.20557701900009,37.581691799000055],[49.36687259200005,37.514960028000075],[49.441742384000065,37.49485911700009],[49.826182488000086,37.453558661000045],[49.86744225400008,37.45856354400007],[49.90154056100005,37.46971263200004],[49.93376712300005,37.47443268400008],[49.969493035000085,37.45970286700009],[49.959971550000034,37.45848216400009],[49.94890384200005,37.460923570000034],[49.94312584700003,37.46161530200004],[49.93531334700003,37.453558661000045],[50.01872806100005,37.427720445000034],[50.148773634000065,37.40387604400007],[50.195648634000065,37.38934967700004],[50.227305535000085,37.36542389500005],[50.223317905000044,37.329331773000035],[50.23210696700005,37.31541575700004],[50.245127800000034,37.279282945000034],[50.254242384000065,37.264837958000044],[50.26872806100005,37.24689362200007],[50.29224694100009,37.19281647300005],[50.322276238000086,37.15326569200005],[50.35718834700003,37.12653229400007],[50.42945397200003,37.08295319200005],[50.478851759000065,37.03497955900008],[50.49398847700007,37.02773672100005],[50.51343834700003,37.02326080900008],[50.624034050000034,36.96328359600005],[50.64478600400008,36.959418036000045],[50.65870201900003,36.954331773000035],[50.688243035000085,36.92869700700004],[50.703135613000086,36.91844310100004],[50.86085045700008,36.84955475500004],[51.00473066500007,36.767645575000074],[51.088633660000085,36.73700592700004],[51.367849155000044,36.692572333000044],[51.54607181100005,36.65094635600008],[51.73096764400003,36.624253648000035],[51.90902754000007,36.58270905200004],[52.094086134000065,36.60252513200004],[52.258555535000085,36.65094635600008],[52.43051191500007,36.68512604400007],[52.60865319100009,36.71238841400009],[52.779307488000086,36.74038320500006],[52.95053144600007,36.781317450000074],[53.11573326900003,36.822251695000034],[53.447601759000065,36.88190338700008],[53.49236087300005,36.887884833000044],[53.88591556100005,36.90582916900007],[53.957774285000085,36.919623114000046],[54.006521030000044,36.95262278900009],[54.004242384000065,36.91461823100008],[53.947601759000065,36.89874909100007],[53.87647545700008,36.89166901200008],[53.830739780000044,36.88027578300006],[53.81820722700007,36.87523021000004],[53.80388431100005,36.877020575000074],[53.77711022200003,36.88373444200005],[53.762054884000065,36.88182200700004],[53.734385613000086,36.87323639500005],[53.71900475400008,36.87067291900007],[53.66041100400008,36.87689850500004],[53.60914147200003,36.87689850500004],[53.61695397200003,36.865668036000045],[53.63103274800005,36.86196523600006],[53.66382897200003,36.86322663000004],[53.64389082100007,36.85781484600005],[53.63599694100009,36.85700104400007],[53.660166863000086,36.83120351800005],[53.70101972700007,36.81659577000005],[53.856455925000034,36.80548737200007],[53.872080925000034,36.79840729400007],[53.88917076900003,36.79360586100006],[54.014333530000044,36.82111237200007],[54.02621504000007,36.82908763200004],[54.03305097700007,36.845770575000074],[54.033539259000065,36.94912344000005],[54.028086785000085,36.96621328300006],[54.01335696700005,36.973089911000045],[53.99439537900008,36.97915273600006],[53.99724368600005,36.99371979400007],[54.02003014400003,37.02773672100005],[53.99626712300005,37.05731842700004],[53.98031660200007,37.09406159100007],[53.958018425000034,37.17853424700007],[53.927744988000086,37.243801174000055],[53.92318769600007,37.25800202000005],[53.91374759200005,37.34275950700004],[53.91374759200005,37.343003648000035],[53.89966881600009,37.468410549000055],[53.88982181100005,37.50812409100007],[53.871104363000086,37.54779694200005],[53.865244988000086,37.567287502000056],[53.86060631600009,37.611314195000034],[53.824880405000044,37.74485911700009],[53.80713951900003,38.03196849200009],[53.81031334700003,38.04840729400007],[53.82398522200003,38.08152903900009],[53.83415774800005,38.13027578300006],[53.85889733200008,38.20648834800005],[53.85499108200008,38.233710028000075],[53.86646569100009,38.26508209800005],[53.868174675000034,38.30801015800006],[53.86304772200003,38.38141510600008],[53.86150149800005,38.38934967700004],[53.852549675000034,38.40330638200004],[53.84815514400003,38.41250234600005],[53.84555097700007,38.422308661000045],[53.84343509200005,38.442694403000075],[53.82829837300005,38.503566799000055],[53.82699629000007,38.525458075000074],[53.83611087300005,38.60614655200004],[53.84742272200003,38.64630768400008],[53.86304772200003,38.679388739000046],[53.90984134200005,38.73769765800006],[53.92693118600005,38.77366771000004],[53.917002800000034,38.80353424700007],[53.931976759000065,38.81305573100008],[53.939789259000065,38.83104075700004],[53.94556725400008,38.85130442900004],[53.95460045700008,38.86774323100008],[53.965586785000085,38.88190338700008],[53.977549675000034,38.90176015800006],[53.982758009000065,38.916001695000034],[53.97291100400008,38.913397528000075],[53.971364780000044,38.93427155200004],[53.958018425000034,38.944525458000044],[53.92318769600007,38.954331773000035],[53.922862175000034,38.95604075700004],[53.91879316500007,38.96478913000004],[53.917002800000034,38.96735260600008],[53.91228274800005,38.96967194200005],[53.89975019600007,38.97284577000005],[53.89665774800005,38.97418854400007],[53.89177493600005,38.980536200000074],[53.88721764400003,38.98859284100007],[53.88404381600009,38.998114325000074],[53.88233483200008,39.008978583000044],[53.87094160200007,39.02838776200008],[53.859711134000065,39.035223700000074],[53.82081139400003,39.03628164300005],[53.79664147200003,39.04165273600006],[53.78736412900008,39.04246653900009],[53.77686608200008,39.039129950000074],[53.772146030000044,39.03310781500005],[53.76726321700005,39.03099192900004],[53.75635826900003,39.03937409100007],[53.74781334700003,39.05442942900004],[53.72803795700008,39.10138580900008],[53.72185306100005,39.111395575000074],[53.71216881600009,39.10431549700007],[53.715179884000065,39.08856842700004],[53.72413170700008,39.07208893400008],[53.73210696700005,39.062933661000045],[53.73210696700005,39.056708075000074],[53.71599368600005,39.06342194200005],[53.701508009000065,39.07851797100005],[53.69467207100007,39.09711334800005],[53.70533287900008,39.124212958000044],[53.697276238000086,39.14248281500005],[53.698008660000085,39.152329820000034],[53.70394941500007,39.158636786000045],[53.73210696700005,39.17279694200005],[53.70240319100009,39.175116278000075],[53.702159050000034,39.19623444200005],[53.724619988000086,39.24168528900009],[53.70394941500007,39.23273346600007],[53.67628014400003,39.21621328300006],[53.66000410200007,39.200384833000044],[53.67408287900008,39.19330475500004],[53.68376712300005,39.08344147300005],[53.67212975400008,39.09857819200005],[53.64730879000007,39.12396881700005],[53.63599694100009,39.138657945000034],[53.63135826900003,39.15664297100005],[53.63021894600007,39.17674388200004],[53.623383009000065,39.19163646000004],[53.60173587300005,39.19330475500004],[53.60694420700008,39.20587799700007],[53.610362175000034,39.221909898000035],[53.60857181100005,39.23578522300005],[53.598317905000044,39.24168528900009],[53.592784050000034,39.23505280200004],[53.57667076900003,39.20343659100007],[53.56763756600009,39.19330475500004],[53.56397545700008,39.21670156500005],[53.568695509000065,39.24632396000004],[53.58814537900008,39.303168036000045],[53.56080162900008,39.28266022300005],[53.57732181100005,39.31671784100007],[53.58130944100009,39.33047109600005],[53.574554884000065,39.32786692900004],[53.55396569100009,39.32367584800005],[53.56495201900003,39.34516022300005],[53.56202233200008,39.35333893400008],[53.549815300000034,39.34833405200004],[53.53345787900008,39.33047109600005],[53.526133660000085,39.337876695000034],[53.51482181100005,39.33270905200004],[53.471446160000085,39.33047109600005],[53.45248457100007,39.318060614000046],[53.443369988000086,39.318793036000045],[53.444102410000085,39.337876695000034],[53.43726647200003,39.337876695000034],[53.429698113000086,39.32786692900004],[53.41879316500007,39.318060614000046],[53.40512129000007,39.31126536700009],[53.389414910000085,39.310614325000074],[53.39429772200003,39.31704336100006],[53.40316816500007,39.337876695000034],[53.39616946700005,39.33820221600007],[53.38200931100005,39.337103583000044],[53.37517337300005,39.337876695000034],[53.373789910000085,39.33665599200009],[53.36548912900008,39.33161041900007],[53.36158287900008,39.33047109600005],[53.35857181100005,39.33270905200004],[53.351573113000086,39.342230536000045],[53.34791100400008,39.34414297100005],[53.334646030000044,39.34052155200004],[53.30909264400003,39.33075592700004],[53.293304884000065,39.33047109600005],[53.293304884000065,39.337876695000034],[53.299489780000044,39.34516022300005],[53.296885613000086,39.34906647300005],[53.28825931100005,39.35065338700008],[53.276133660000085,39.35097890800006],[53.264659050000034,39.352850653000075],[53.24952233200008,39.36180247600004],[53.238617384000065,39.36465078300006],[53.21851647200003,39.36383698100008],[53.17017662900008,39.35248444200005],[53.14991295700008,39.34414297100005],[53.185883009000065,39.32636139500005],[53.19776451900003,39.32367584800005],[53.17953535200007,39.30125560100004],[53.17302493600005,39.288316148000035],[53.170258009000065,39.27216217700004],[53.17212975400008,39.25543854400007],[53.18409264400003,39.21381256700005],[53.18148847700007,39.18935781500005],[53.171885613000086,39.17747630400004],[53.16146894600007,39.17959219000005],[53.13689212300005,39.32143789300005],[53.13054446700005,39.33348216400009],[53.08871504000007,39.383246161000045],[53.08521569100009,39.400458075000074],[53.094737175000034,39.41986725500004],[53.10401451900003,39.429348049000055],[53.132823113000086,39.45058828300006],[53.137461785000085,39.45994700700004],[53.14087975400008,39.472642320000034],[53.14535566500007,39.48395416900007],[53.16553795700008,39.49673086100006],[53.17823326900003,39.515692450000074],[53.21461022200003,39.59349192900004],[53.24170983200008,39.63629791900007],[53.27588951900003,39.66486237200007],[53.31373131600009,39.65884023600006],[53.29273522200003,39.64984772300005],[53.277354363000086,39.63922760600008],[53.24854576900003,39.60789622600004],[53.24439537900008,39.599676825000074],[53.23519941500007,39.57070547100005],[53.232432488000086,39.56753164300005],[53.211273634000065,39.55019765800006],[53.21697024800005,39.525051174000055],[53.25407962300005,39.521185614000046],[53.36353600400008,39.53807200700004],[53.426768425000034,39.53595612200007],[53.44678795700008,39.530585028000075],[53.45875084700003,39.51780833500004],[53.467539910000085,39.50234609600005],[53.47828209700003,39.488714911000045],[53.492198113000086,39.48078034100007],[53.50912519600007,39.47650788000004],[53.55054772200003,39.47451406500005],[53.56788170700008,39.46771881700005],[53.577159050000034,39.46784088700008],[53.58130944100009,39.47793203300006],[53.58057701900003,39.487982489000046],[53.57740319100009,39.49526601800005],[53.571299675000034,39.49982330900008],[53.56080162900008,39.50177643400008],[53.57374108200008,39.52728913000004],[53.58611087300005,39.523871161000045],[53.59945722700007,39.50775788000004],[53.61540774800005,39.49494049700007],[53.63445071700005,39.495306708000044],[53.66358483200008,39.51732005400004],[53.68376712300005,39.52220286700009],[53.69288170700008,39.51947663000004],[53.71599368600005,39.50926341400009],[53.724619988000086,39.50861237200007],[53.73617597700007,39.51788971600007],[53.733164910000085,39.52798086100006],[53.72250410200007,39.53705475500004],[53.711599155000044,39.543402411000045],[53.68930097700007,39.550441799000055],[53.647146030000044,39.558254299000055],[53.62916100400008,39.57070547100005],[53.645274285000085,39.57489655200004],[53.654633009000065,39.582098700000074],[53.65552819100009,39.59292226800005],[53.646494988000086,39.60789622600004],[53.63306725400008,39.61831289300005],[53.61963951900003,39.62051015800006],[53.57162519600007,39.616400458000044],[53.56820722700007,39.62262604400007],[53.56763756600009,39.64240143400008],[53.564463738000086,39.65265534100007],[53.55648847700007,39.664496161000045],[53.545664910000085,39.67487213700008],[53.53345787900008,39.68048737200007],[53.539724155000044,39.64630768400008],[53.539724155000044,39.632147528000075],[53.53345787900008,39.632147528000075],[53.497080925000034,39.67645905200004],[53.471039259000065,39.69635651200008],[53.444102410000085,39.70107656500005],[53.44776451900003,39.69525788000004],[53.457774285000085,39.673081773000035],[53.45167076900003,39.676662502000056],[53.435883009000065,39.68333567900004],[53.42986087300005,39.686712958000044],[53.430430535000085,39.66771067900004],[53.449229363000086,39.64858633000006],[53.45093834700003,39.632147528000075],[53.416758660000085,39.64996979400007],[53.412852410000085,39.68569570500006],[53.42986087300005,39.76251862200007],[53.41822350400008,39.75739166900007],[53.40577233200008,39.75580475500004],[53.39340254000007,39.757513739000046],[53.38200931100005,39.76251862200007],[53.38200931100005,39.76927317900004],[53.41521243600005,39.78204987200007],[53.467539910000085,39.83869049700007],[53.49927819100009,39.86554596600007],[53.49382571700005,39.87067291900007],[53.488291863000086,39.88104889500005],[53.485036655000044,39.88540273600006],[53.49382571700005,39.88934967700004],[53.502696160000085,39.89154694200005],[53.52271569100009,39.89280833500004],[53.537119988000086,39.89630768400008],[53.53695722700007,39.90375397300005],[53.53077233200008,39.91071198100008],[53.526133660000085,39.91266510600008],[53.53728274800005,39.92487213700008],[53.552744988000086,39.93622467700004],[53.567067905000044,39.94953034100007],[53.57447350400008,39.96792226800005],[53.569102410000085,39.96556224200009],[53.566416863000086,39.964829820000034],[53.56421959700003,39.96393463700008],[53.56080162900008,39.96108633000006],[53.543630405000044,39.974310614000046],[53.52881920700008,39.97695547100005],[53.49187259200005,39.97475820500006],[53.474945509000065,39.97923411700009],[53.45199629000007,39.99551015800006],[53.43726647200003,40.00267161700009],[53.41960696700005,40.00649648600006],[53.40211022200003,40.00678131700005],[53.38526451900003,40.00307851800005],[53.36890709700003,39.99526601800005],[53.326833530000044,39.958685614000046],[53.31031334700003,39.95359935100004],[53.305674675000034,39.95148346600007],[53.290049675000034,39.94208405200004],[53.28272545700008,39.94000885600008],[53.27491295700008,39.94208405200004],[53.25709069100009,39.95148346600007],[53.24854576900003,39.95359935100004],[53.23755944100009,39.95774974200009],[53.17237389400003,39.99746328300006],[53.155284050000034,39.99237702000005],[53.14039147200003,39.98102448100008],[53.125743035000085,39.97475820500006],[53.05355879000007,39.96792226800005],[53.059255405000044,39.97703685100004],[53.065114780000044,39.984035549000055],[53.07243899800005,39.98981354400007],[53.08171634200005,39.99526601800005],[53.012461785000085,39.97801341400009],[52.97486412900008,39.974310614000046],[52.943695509000065,39.98159414300005],[52.92750084700003,40.01117584800005],[52.91358483200008,40.02167389500005],[52.89600670700008,40.00885651200008],[52.89584394600007,39.99827708500004],[52.903086785000085,39.98493073100008],[52.919932488000086,39.964544989000046],[52.92359459700003,39.95258209800005],[52.93018639400003,39.89594147300005],[52.93604576900003,39.887600002000056],[52.96452884200005,39.85822174700007],[52.97486412900008,39.85187409100007],[53.01254316500007,39.79726797100005],[53.043711785000085,39.774644273000035],[53.05355879000007,39.76927317900004],[53.05355879000007,39.76251862200007],[53.005869988000086,39.78294505400004],[53.01937910200007,39.77533600500004],[53.046885613000086,39.74823639500005],[53.040049675000034,39.74201080900008],[53.00806725400008,39.76634349200009],[52.994883660000085,39.78021881700005],[52.96631920700008,39.83295319200005],[52.95264733200008,39.84650299700007],[52.91716556100005,39.85834381700005],[52.905284050000034,39.87457916900007],[52.898448113000086,39.89549388200004],[52.89283287900008,39.93423086100006],[52.88412519600007,39.94489166900007],[52.787852410000085,40.004339911000045],[52.75326582100007,40.03196849200009],[52.73845462300005,40.053615627000056],[52.746104363000086,40.096991278000075],[52.75375410200007,40.121079820000034],[52.76197350400008,40.13580963700008],[52.768321160000085,40.15379466400009],[52.75806725400008,40.17251211100006],[52.73096764400003,40.20066966400009],[52.74341881600009,40.20954010600008],[52.738942905000044,40.21938711100006],[52.717784050000034,40.23541901200008],[52.69898522200003,40.273871161000045],[52.70199629000007,40.31240469000005],[52.73658287900008,40.48456452000005],[52.75025475400008,40.517645575000074],[52.772471550000034,40.55072663000004],[52.83253014400003,40.614569403000075],[52.86312910200007,40.65810781500005],[52.868174675000034,40.69415924700007],[52.85922285200007,40.70001862200007],[52.83318118600005,40.70490143400008],[52.82764733200008,40.71149323100008],[52.82984459700003,40.72064850500004],[52.83757571700005,40.73908112200007],[52.83725019600007,40.74249909100007],[52.83253014400003,40.74555084800005],[52.84522545700008,40.751654364000046],[52.86158287900008,40.75649648600006],[52.868174675000034,40.755560614000046],[52.87037194100009,40.76508209800005],[52.86882571700005,40.77578359600005],[52.865244988000086,40.78510163000004],[52.861989780000044,40.790350653000075],[52.885508660000085,40.86542389500005],[52.92335045700008,40.94114817900004],[52.93132571700005,40.97565338700008],[52.917002800000034,41.044989325000074],[52.91651451900003,41.085150458000044],[52.92725670700008,41.07904694200005],[52.95142662900008,41.068793036000045],[52.96119225400008,41.060980536000045],[52.965505405000044,41.04938385600008],[52.96306399800005,41.03778717700004],[52.95875084700003,41.02651601800005],[52.95818118600005,41.01626211100006],[52.96843509200005,40.99701569200005],[53.012054884000065,40.954779364000046],[53.019867384000065,40.937933661000045],[53.03174889400003,40.89980703300006],[53.040049675000034,40.885931708000044],[53.07203209700003,40.86896393400008],[53.07447350400008,40.86542389500005],[53.09978274800005,40.86517975500004],[53.111338738000086,40.86709219000005],[53.12191816500007,40.872259833000044],[53.10629316500007,40.858303127000056],[53.08187910200007,40.85150788000004],[53.06470787900008,40.84398021000004],[53.07081139400003,40.82786692900004],[53.07797285200007,40.82221100500004],[53.09400475400008,40.81240469000005],[53.10206139400003,40.803941148000035],[53.104258660000085,40.794907945000034],[53.104258660000085,40.78359609600005],[53.107432488000086,40.77391185100004],[53.11890709700003,40.76984284100007],[53.16325931100005,40.76703522300005],[53.182302280000044,40.768459377000056],[53.20460045700008,40.77606842700004],[53.24976647200003,40.812567450000074],[53.26587975400008,40.81704336100006],[53.24935957100007,40.790350653000075],[53.244883660000085,40.77496979400007],[53.25603274800005,40.76894765800006],[53.330821160000085,40.77606842700004],[53.33952884200005,40.78082916900007],[53.34115644600007,40.79197825700004],[53.34115644600007,40.80459219000005],[53.344493035000085,40.81391022300005],[53.35922285200007,40.829779364000046],[53.36996504000007,40.835191148000035],[53.38200931100005,40.831284898000035],[53.38306725400008,40.82558828300006],[53.375987175000034,40.807074286000045],[53.37517337300005,40.79779694200005],[53.383799675000034,40.77830638200004],[53.39869225400008,40.76276276200008],[53.418304884000065,40.75242747600004],[53.44068444100009,40.74872467700004],[53.44695071700005,40.746527411000045],[53.461273634000065,40.73688385600008],[53.471446160000085,40.73505280200004],[53.483083530000044,40.73704661700009],[53.49187259200005,40.74087148600006],[53.50554446700005,40.74872467700004],[53.541677280000044,40.76162344000005],[53.555349155000044,40.773504950000074],[53.56080162900008,40.79401276200008],[53.55909264400003,40.836818752000056],[53.56275475400008,40.85297272300005],[53.58741295700008,40.89158763200004],[53.592784050000034,40.89337799700007],[53.605479363000086,40.89337799700007],[53.61475670700008,40.89154694200005],[53.62468509200005,40.88703034100007],[53.63257897200003,40.881293036000045],[53.63599694100009,40.87604401200008],[53.63892662900008,40.87201569200005],[53.65284264400003,40.86786530200004],[53.656993035000085,40.86542389500005],[53.65748131600009,40.859076239000046],[53.65455162900008,40.85293203300006],[53.65088951900003,40.84784577000005],[53.64958743600005,40.844916083000044],[53.65512129000007,40.823879299000055],[53.66032962300005,40.81622955900008],[53.670664910000085,40.81077708500004],[53.662119988000086,40.79661692900004],[53.65674889400003,40.78974030200004],[53.64958743600005,40.78351471600007],[53.66098066500007,40.76618073100008],[53.676442905000044,40.725897528000075],[53.69117272200003,40.70783112200007],[53.701182488000086,40.703111070000034],[53.71119225400008,40.70164622600004],[53.719493035000085,40.69830963700008],[53.724619988000086,40.687933661000045],[53.72201582100007,40.68073151200008],[53.708018425000034,40.65900299700007],[53.70476321700005,40.650091864000046],[53.721039259000065,40.62567780200004],[53.75953209700003,40.62567780200004],[53.80486087300005,40.63263580900008],[53.86264082100007,40.626166083000044],[53.87916100400008,40.637925523000035],[53.89478600400008,40.65306224200009],[53.93775475400008,40.67161692900004],[53.94776451900003,40.67365143400008],[53.95785566500007,40.67210521000004],[53.985362175000034,40.660589911000045],[54.010752800000034,40.657863674000055],[54.03052819100009,40.66282786700009],[54.04908287900008,40.669989325000074],[54.08033287900008,40.67609284100007],[54.08814537900008,40.68219635600008],[54.09327233200008,40.69009023600006],[54.09522545700008,40.69782135600008],[54.08961022200003,40.698919989000046],[54.063243035000085,40.70848216400009],[54.05420983200008,40.715277411000045],[54.112071160000085,40.71344635600008],[54.141368035000085,40.716864325000074],[54.17107181100005,40.729681708000044],[54.23218834700003,40.72833893400008],[54.235036655000044,40.72573476800005],[54.230479363000086,40.71938711100006],[54.220713738000086,40.695379950000074],[54.217539910000085,40.69025299700007],[54.221690300000034,40.68707916900007],[54.252696160000085,40.67658112200007],[54.40357506600009,40.67365143400008],[54.38396243600005,40.68276601800005],[54.36264082100007,40.687933661000045],[54.37517337300005,40.70091380400004],[54.41488691500007,40.70872630400004],[54.430430535000085,40.72142161700009],[54.331065300000034,40.72020091400009],[54.31820722700007,40.72162506700005],[54.310557488000086,40.73065827000005],[54.30811608200008,40.75214264500005],[54.30388431100005,40.77008698100008],[54.28500410200007,40.79743073100008],[54.27857506600009,40.82363515800006],[54.26880944100009,40.839911200000074],[54.26644941500007,40.84833405200004],[54.268321160000085,40.85504791900007],[54.27198326900003,40.85984935100004],[54.27458743600005,40.864894924000055],[54.27328535200007,40.872259833000044],[54.26710045700008,40.87417226800005],[54.25709069100009,40.873114325000074],[54.24830162900008,40.874986070000034],[54.24594160200007,40.885931708000044],[54.250010613000086,40.890611070000034],[54.25749759200005,40.89142487200007],[54.26612389400003,40.89134349200003],[54.27328535200007,40.89337799700007],[54.29900149800005,40.916083075000074],[54.312510613000086,40.923895575000074],[54.33171634200005,40.92690664300005],[54.36052493600005,40.91705963700008],[54.42115319100009,40.87986888200004],[54.437836134000065,40.87970612200007],[54.465830925000034,40.86595286700003],[54.468760613000086,40.851629950000074],[54.45630944100009,40.835638739000046],[54.437836134000065,40.81704336100006],[54.474945509000065,40.809881903000075],[54.59066816500007,40.82672760600008],[54.62435957100007,40.83649323100008],[54.63990319100009,40.838771877000056],[54.65756269600007,40.86200592700004],[54.699554884000065,40.87909577000005],[54.708994988000086,40.88499583500004],[54.74659264400003,40.93268463700008],[54.75603274800005,40.948431708000044],[54.76002037900008,40.96503327000005],[54.756195509000065,40.98159414300005],[54.746836785000085,40.99567291900007]]}},{"type":"Feature","properties":{"featurecla":"Coastline","scalerank":0,"min_zoom":3},"geometry":{"type":"LineString","coordinates":[[53.029958530000044,39.06134674700007],[53.04029381600009,39.08100006700005],[53.057627800000034,39.09442780200004],[53.08171634200005,39.097723700000074],[53.086599155000044,39.09129466400009],[53.087901238000086,39.08812083500004],[53.087901238000086,39.08344147300005],[53.05884850400008,39.06708405200004],[53.05396569100009,39.02680084800005],[53.067393425000034,38.94684479400007],[53.07943769600007,38.86347077000005],[53.10206139400003,38.78172435100004],[53.097992384000065,38.769232489000046],[53.098399285000085,38.76390208500004],[53.10206139400003,38.755072333000044],[53.094737175000034,38.755072333000044],[53.092133009000065,38.77879466400009],[53.06299889400003,38.86469147300005],[53.046885613000086,38.89166901200008],[53.04021243600005,38.906683661000045],[53.03842207100007,38.91693756700005],[53.040049675000034,38.943426825000074],[53.037852410000085,38.97016022300005],[53.02857506600009,39.01630280200004],[53.026377800000034,39.03937409100007],[53.029958530000044,39.06134674700007]]}},{"type":"Feature","properties":{"featurecla":"Coastline","scalerank":0,"min_zoom":0},"geometry":{"type":"LineString","coordinates":[[53.46851647200003,39.58494700700004],[53.47999108200008,39.59332916900007],[53.49187259200005,39.59796784100007],[53.49830162900008,39.591009833000044],[53.50375410200007,39.58612702000005],[53.50863691500007,39.58551666900007],[53.51295006600009,39.59121328300006],[53.51734459700003,39.56940338700008],[53.51929772200003,39.56386953300006],[53.539724155000044,39.53961823100008],[53.53443444100009,39.52765534100007],[53.52198326900003,39.51609935100004],[53.506195509000065,39.50861237200007],[53.49187259200005,39.50861237200007],[53.48658287900008,39.51634349200009],[53.475271030000044,39.548081773000035],[53.46827233200008,39.56045156500005],[53.462901238000086,39.57379791900007],[53.46851647200003,39.58494700700004]]}},{"type":"Feature","properties":{"featurecla":"Coastline","scalerank":0,"min_zoom":0},"geometry":{"type":"LineString","coordinates":[[50.61890709700003,40.299994208000044],[50.60010826900003,40.30369700700004],[50.58757571700005,40.30060455900008],[50.57276451900003,40.31004466400009],[50.56299889400003,40.32485586100006],[50.56527754000007,40.33783600500004],[50.57829837300005,40.33002350500004],[50.587901238000086,40.33234284100007],[50.596690300000034,40.33746979400007],[50.60694420700008,40.33783600500004],[50.62126712300005,40.32607656500005],[50.625743035000085,40.31037018400008],[50.61890709700003,40.299994208000044]]}},{"type":"Feature","properties":{"featurecla":"Coastline","scalerank":0,"min_zoom":0},"geometry":{"type":"LineString","coordinates":[[50.38843834700003,40.401678778000075],[50.37354576900003,40.39907461100006],[50.35368899800005,40.39988841400009],[50.35865319100009,40.42422109600005],[50.32601972700007,40.45807526200008],[50.32642662900008,40.48187897300005],[50.338633660000085,40.47687409100007],[50.35368899800005,40.48065827000005],[50.36052493600005,40.47443268400008],[50.36280358200008,40.453558661000045],[50.37256920700008,40.442572333000044],[50.38502037900008,40.43398672100005],[50.395274285000085,40.42039622600004],[50.39625084700003,40.40851471600007],[50.38843834700003,40.401678778000075]]}},{"type":"Feature","properties":{"featurecla":"Coastline","scalerank":0,"min_zoom":3},"geometry":{"type":"LineString","coordinates":[[50.170258009000065,44.830145575000074],[50.14307701900003,44.81785716400009],[50.11150149800005,44.820379950000074],[50.07935631600009,44.83348216400009],[50.06397545700008,44.84414297100005],[50.059336785000085,44.85309479400007],[50.05795332100007,44.86432526200008],[50.05201256600009,44.881293036000045],[50.04184004000007,44.89492422100005],[50.00416100400008,44.922308661000045],[49.98609459700003,44.94676341400009],[49.98617597700007,44.968003648000035],[50.04184004000007,45.057521877000056],[50.05201256600009,45.065619208000044],[50.06763756600009,45.071478583000044],[50.11345462300005,45.07990143400008],[50.11215254000007,45.062486070000034],[50.05355879000007,45.038763739000046],[50.03842207100007,45.01471588700008],[50.035166863000086,45.000881252000056],[50.02100670700008,44.975775458000044],[50.01783287900008,44.960150458000044],[50.02116946700005,44.94403717700004],[50.029958530000044,44.930853583000044],[50.04281660200007,44.92446523600006],[50.05827884200005,44.92910390800006],[50.05844160200007,44.903998114000046],[50.06202233200008,44.87986888200004],[50.07341556100005,44.861761786000045],[50.096690300000034,44.85464101800005],[50.10759524800005,44.85175202000005],[50.11638431100005,44.845770575000074],[50.12647545700008,44.84064362200007],[50.141368035000085,44.840277411000045],[50.17400149800005,44.85838450700004],[50.18921959700003,44.86147695500006],[50.170258009000065,44.830145575000074]]}},{"type":"Feature","properties":{"featurecla":"Coastline","scalerank":6,"min_zoom":5},"geometry":{"type":"LineString","coordinates":[[47.85108483200008,43.999212958000044],[47.838552280000044,44.00063711100006],[47.81332441500007,43.999253648000035],[47.78060957100007,43.99453359600005],[47.66570071700005,43.99628327000005],[47.637380405000044,43.981350002000056],[47.62818444100009,43.962591864000046],[47.63298587300005,43.95254140800006],[47.64283287900008,43.94440338700008],[47.65577233200008,43.94318268400008],[47.67359459700003,43.95107656500005],[47.68018639400009,43.95140208500004],[47.68409264400009,43.939520575000074],[47.69418379000007,43.936753648000035],[47.70980879000007,43.93577708500004],[47.74626712300005,43.926947333000044],[47.76295006600009,43.92841217700004],[47.86687259200005,43.98379140800006],[47.86695397200003,43.991441148000035],[47.862071160000085,43.99433014500005],[47.85108483200008,43.999212958000044]]}},{"type":"Feature","properties":{"featurecla":"Coastline","scalerank":6,"min_zoom":6},"geometry":{"type":"LineString","coordinates":[[50.74366295700008,44.88613515800006],[50.73682701900003,44.89590078300006],[50.736989780000044,44.90766022300005],[50.73462975400008,44.92991771000004],[50.72803795700008,44.940619208000044],[50.720713738000086,44.94163646000004],[50.71656334700003,44.94672272300005],[50.71371504000007,44.95380280200004],[50.708018425000034,44.954413153000075],[50.70199629000007,44.94818756700005],[50.69263756600009,44.940619208000044],[50.67798912900008,44.935614325000074],[50.65951582100007,44.93895091400009],[50.643321160000085,44.95294830900008],[50.635752800000034,44.96743398600006],[50.627940300000034,44.96702708500004],[50.62623131600009,44.95107656500005],[50.64079837300005,44.933294989000046],[50.686534050000034,44.91168854400007],[50.69320722700007,44.89907461100006],[50.68873131600009,44.88914622600004],[50.69190514400003,44.88312409100007],[50.701914910000085,44.880560614000046],[50.701914910000085,44.87449778900009],[50.69361412900008,44.86420319200005],[50.69776451900003,44.857855536000045],[50.71273847700007,44.85993073100008],[50.72632897200003,44.86591217700004],[50.73951256600009,44.868353583000044],[50.760752800000034,44.864935614000046],[50.757823113000086,44.87055084800005],[50.74366295700008,44.88613515800006]]}},{"type":"Feature","properties":{"featurecla":"Coastline","scalerank":5,"min_zoom":4},"geometry":{"type":"LineString","coordinates":[[52.69288170700008,45.45970286700003],[52.68734785200007,45.47500234600005],[52.67302493600005,45.50385163000004],[52.655039910000085,45.52138906500005],[52.635508660000085,45.52562083500004],[52.599945509000065,45.52749258000006],[52.59498131600009,45.523504950000074],[52.59791100400008,45.516791083000044],[52.59351647200003,45.508978583000044],[52.582774285000085,45.50210195500006],[52.56625410200007,45.49355703300006],[52.55201256600009,45.47833893400008],[52.561289910000085,45.45652903900009],[52.588552280000044,45.432806708000044],[52.627940300000034,45.410223700000074],[52.67709394600007,45.39695872600004],[52.70248457100007,45.40521881700005],[52.70264733200008,45.425482489000046],[52.69906660200007,45.441473700000074],[52.69288170700008,45.45970286700003]]}},{"type":"Feature","properties":{"featurecla":"Coastline","scalerank":5,"min_zoom":4},"geometry":{"type":"LineString","coordinates":[[47.997080925000034,45.46784088700008],[47.997080925000034,45.52049388200004],[47.988617384000065,45.53579336100006],[47.98267662900008,45.550116278000075],[47.98226972700007,45.56427643400008],[47.97803795700008,45.58344147300005],[47.96615644600007,45.60614655200004],[47.959727410000085,45.62409088700008],[47.96208743600005,45.63979726800005],[47.957041863000086,45.650458075000074],[47.946299675000034,45.64492422100005],[47.937510613000086,45.63621653900009],[47.92790774800005,45.63544342700004],[47.91749108200008,45.63275788000004],[47.91456139400009,45.623032945000034],[47.916758660000085,45.60919830900008],[47.916026238000086,45.595363674000055],[47.91651451900009,45.579291083000044],[47.91773522200003,45.57005442900004],[47.92798912900008,45.53400299700007],[47.94385826900009,45.49957916900007],[47.95980879000007,45.475775458000044],[47.98072350400008,45.45547109600005],[47.98406009200005,45.45302969000005],[47.99073326900009,45.44871653900009],[47.996836785000085,45.44790273600006],[47.999034050000034,45.45132070500006],[47.998789910000085,45.45384349200003],[47.997080925000034,45.46784088700008]]}},{"type":"Feature","properties":{"featurecla":"Coastline","scalerank":6,"min_zoom":5},"geometry":{"type":"LineString","coordinates":[[49.82243899800005,46.31395091400009],[49.81169681100005,46.32648346600007],[49.79216556100005,46.339056708000044],[49.750010613000086,46.357489325000074],[49.71998131600009,46.356756903000075],[49.72095787900008,46.33812083500004],[49.76693769600007,46.24778880400004],[49.781911655000044,46.22418854400007],[49.804698113000086,46.21051666900007],[49.82154381600009,46.21751536700003],[49.84131920700008,46.26284414300005],[49.83838951900003,46.28587474200003],[49.82243899800005,46.31395091400009]]}}],"properties":{"data_type":"real","source":"Natural Earth 1:10m Coastline","source_url":"https://www.naturalearthdata.com/downloads/10m-physical-vectors/10m-coastline/","license":"Public Domain","is_synthetic":false,"processed_by":"MARINT geo pipeline (Natural Earth -> clipped GeoJSON)"}}